9,null
15,HCP6
6,MBr10
9,
3,HCP5
8,StN10
8,MMr10
8,BSc11
9,FGi10
9,GTz10
15,LVa10
9,DeJ28
9,SE4
8,SE6
8,SE8
9,LVa12
21,BSc28
9,IF135
15,TG32
6,SRm10
6,TG30
26,BSc20
15,WiW30
6,MBr19
26,BSc25
6,MBr14
18,HCP1
18,HCP4
8,CBl73
6,WiF10
8,CBl70
15,RbR1
6,BE4
25,WiW27
6,BE6
6,BE8
6,BE7
18,RbR2
21,BE9
18,RbR3
8,CBl80
9,BSt10
15,GM190
18,BSt15
26,BF7
26,BF6
26,BF9
15,BF8
2,SiN10
21,WiW12
9,RA22
15,CWi10
8,CBl67
9,NPS25
8,CBl60
26,RA10
9,WHW10
9,SHp13
9,ESP40
9,MoB10
9,RA19
26,RA17
26,RA15
9,HeW1
25,HeW5
18,ARw12
9,NPS20
8,CBl69
9,NPS10
8,CBl35
9,BRf4
9,MMa10
8,CBl32
9,BRf2
18,BRf1
9,NPS15
8,CBl30
13,JZi10
13,DHL1
13,DHL6
23,WWn100
9,ESP27
9,ESP26
9,ESP25
23,WWn101
9,SK3
9,PmR1
9,Z9895
9,ESP28
3,SK2
9,MBr25
9,SK6
6,AuJ10
6,SK8
23,BuK5
23,BuK3
8,CBl40
6,SSu5
9,CLi10
6,MBa27
23,ESP12
9,xMe10
23,ESP11
6,ESP10
6,MRe7
9,TVb10
9,SL1
18,SL3
9,SL5
9,SL7
8,BbM10
8,WeK10
9,EL21
13,ArH210
21,SSi115
6,EL28
6,ArH215
9,EL29
6,ArH207
26,RoE10
9,TFd10
9,ArH205
18,RBB10
9,VyK10
21,BoS61
6,SM1
21,BoS62
6,SM3
9,VyK15
8,BbM19
8,SM4
9,SM7
6,SM6
18,RMu50
9,VyK13
8,BbM22
13,DPo15
8,CBl20
18,RBS15
6,ILf10
18,ArH220
9,BoS80
9,EL19
9,ArH218
6,ArH216
9,ArH217
18,RMu46
8,CBl26
9,RMu41
8,CBl25
9,SCa10
9,RcB13
6,ByP10
9,EL40
9,RcB12
9,RcB15
18,EL42
9,RcB14
23,RcB17
26,EL44
6,EL46
9,RcB18
6,JCw50
18,EL48
21,JJB1
9,JCw53
15,RyS10
9,RM110
6,PtP10
26,SOS10
2,NNo13
9,TiH10
9,NNo16
9,EL31
6,EL33
6,JCw41
6,EL34
9,EL36
9,EL37
9,EL38
18,JCw44
9,EL39
9,ArH204
8,LHz20
2,ASi10
9,YMZ10
6,SCr10
18,RWa12
9,LHz15
21,BoS50
9,JJA7
18,RWa10
21,SP6
21,SP5
9,MnP10
18,NNo11
9,YMZ26
15,EL61
6,YMZ24
9,AlP10
6,EL63
18,EL64
18,EL65
2,IWa7
23,RBu10
6,LaK9
6,EL67
3,ReH16
18,EL68
18,EL69
9,YMZ22
9,YMZ20
8,AlP15
13,JoD11
9,CDr30
21,PaH52
21,PaH53
21,TiB3
21,PaH54
6,VME8
21,TiB2
21,PaH55
13,VME9
6,TiB1
15,EL52
15,EL53
15,EL54
21,PaH50
21,PaH51
6,JoD13
15,EL56
18,JCw62
18,EL57
9,JCw61
13,TiB8
9,KLe1
6,TiB5
18,AJo10
9,SR1
6,LaK2
13,IWa1
9,CDr40
2,IWa2
13,FLg10
6,CCo10
21,LaK1
9,CCo11
13,CDr10
6,PHa10
9,PHa15
25,PaH60
25,PaH61
18,RoV15
6,ArH230
13,RoV13
26,ArH236
9,CEd20
6,ArH227
3,NF21
21,SS2
3,SS5
28,SS4
21,BdP8
9,NoM10
6,RMu37
21,SS6
3,SS9
9,NF27
6,SS8
23,NF29
6,BdP2
3,NF25
6,RBu20
6,TGA4
9,AxB10
3,DGr1
18,DRu10
6,ArH240
8,PHa25
21,BRo7
25,ArP5
9,ArP4
23,ArP1
9,TGA8
6,DRu15
16,NF10
9,RMu25
18,IFa8
6,Z9820
26,MAl5
9,NF16
16,NF12
6,NF13
6,NF14
13,BS1
18,BS4
9,TCl10
6,PRo96
18,BS6
13,BS5
6,PRo93
6,PRo90
9,bQs30
9,MSt30
18,AKr10
27,MC11
6,KeA19
21,ChH10
6,RlM10
18,LOl4
9,LOl3
3,KeA10
9,LOl2
9,LOl1
26,xGc10
9,HDA6
8,RtB7
9,AxS10
9,CEd10
16,NF30
9,RtB6
9,RtB5
6,HDA7
9,RtB4
9,RtB3
9,CDr9
6,FNm32
16,RWa72
6,FNm30
9,RtB9
9,RtB8
8,SLJ14
9,AKa20
23,GCh20
9,SLJ11
28,MkG12
6,JoD26
13,MkG10
9,SLJ12
13,IHk25
9,MTU10
6,MRr5
26,IHk20
9,SW2
26,AVa12
15,SW7
9,SW6
6,SW8
8,AVa10
6,JoD30
18,SfG1
9,RcB8
6,AKa10
9,RcB5
9,RcB3
21,RcB1
6,JoD34
9,KeR10
6,AKa15
6,FNm18
6,FNm12
6,FNm10
18,BW2
9,BW1
3,JoD40
9,BW4
3,RWa90
9,BW3
8,MAp7
9,BW5
9,MiA18
6,TPa10
9,BW8
21,PRo55
6,BW7
6,MRt6
9,BW9
21,MiA11
3,KeA43
13,WLu15
6,MRt7
6,MRt8
9,Z1110
15,GMe10
18,PPz10
23,RyB18
13,C91
16,C94
18,RcB30
21,MRs2
9,RyB10
13,AMg10
15,RyB14
9,RyB12
21,MRs1
23,IHk30
9,SBo10
13,RyS20
25,MdV5
9,Z1120
9,TFg1
26,ThE10
6,BdY5
13,MRv6
6,BdY4
6,BdY3
21,KeA25
13,TFi9
13,MRv2
13,TFi8
3,KeA23
13,MRv4
25,JTh10
9,MSt53
9,bQs10
9,bQs14
26,RaM10
9,SpS10
18,RWa65
18,LrA10
26,MiR10
3,KeA38
16,PRo86
3,KeA36
6,PRo83
3,KeA34
9,bQs20
3,KeA31
16,PRo80
9,bQs25
18,MSt40
9,bQs23
9,FFC29
21,DoW82
9,IWk3
21,DoW80
9,IWk1
21,DoW81
26,FFC20
21,IWk5
18,RWa50
13,FFC26
23,GM200
9,WaW5
3,DM230
18,JSv15
18,WaW2
16,WaW1
9,WaW4
3,LeL20
9,WaW3
26,ClC50
9,FFC10
6,MRy1
9,FFC15
9,ClC57
9,FFC12
6,JuW10
9,GRH2
9,GRH1
9,GRH4
18,GRH3
3,GRH6
21,ClC45
6,GRH5
21,GRH8
9,ClC49
3,GRH9
26,GM222
27,GM223
3,JGs10
6,GM225
6,WAS95
18,DHa2
21,DoW50
18,DHa5
15,DHa7
21,DoW51
9,GM226
16,ChB9
9,GM227
23,IH11
9,ClC35
26,MRy9
23,GM235
13,MiA25
23,MRy7
18,WAS80
9,MiA21
6,WAS82
3,DM200
15,WAS83
15,MEk10
6,WAS85
25,JHe10
21,RtD10
9,ClC20
21,RtD12
21,ClC21
21,RtD11
18,GM237
6,GM238
21,RtD13
9,ClC24
9,FFe10
6,WAS77
21,IH26
23,IH23
23,GM240
3,IH29
6,GM242
9,IH27
9,IH28
6,JGs30
21,MeW10
9,ECs10
9,xEn10
18,IH30
18,IH31
21,IH14
15,IiS5
9,IH15
9,IH12
27,IH18
9,IH19
13,TBi10
26,IH17
21,RHf10
8,ChC2
8,ChC3
6,ChC4
18,MNv10
9,ChC5
21,ChC7
23,IH22
15,SfP6
18,IH20
8,SCl5
27,IH47
13,IFr8
6,DoW15
9,IFr5
21,IFr6
13,SaG10
8,KlW10
3,CEa6
23,CEa5
8,PdR10
23,CEa3
23,CEa2
21,CEa1
9,CC1
8,SE15
8,SE10
9,IH50
6,DoW10
9,JIv6
9,LBF10
9,IH35
9,IH38
26,JGs40
6,VGl10
16,RSf20
9,ChE1
6,ChE2
6,CD8
13,BuT10
9,PAn10
21,IFr4
8,ADm10
9,RS11
21,WFr11
21,WFr10
9,APa12
21,WFr14
21,WFr13
21,WFr12
6,PnM8
3,ChH3
9,Whu29
6,FNm5
9,WWn200
9,IrR27
26,RS20
6,DME10
25,WWn205
6,DME13
26,MPi50
6,JiA10
15,JIv8
9,TG8
6,JiA15
6,JiA18
25,BBa5
2,DdH10
18,GS14
9,DLu10
2,BBa1
26,SE26
6,ChG2
26,SE27
9,IrR10
26,SE25
15,IrR12
18,SiM10
26,SE20
9,IrR16
15,MSa7
13,APr10
6,BRa10
15,MSa8
9,MSa9
8,SE28
27,APr12
15,MSa6
18,MPi40
9,MPi45
6,SvB12
16,ELM2
15,JuD10
6,JuD13
16,ELM8
21,JuD15
26,APa30
6,SvB22
8,BSc7
9,Z9730
9,CJu10
9,RS28
26,RS26
8,WRu10
6,GTh10
6,GTh12
15,APa25
8,APa24
6,GTh14
9,CH5
6,HCs1
6,HCs3
9,APa6
15,APa7
26,HCs4
15,APa5
18,JuD20
9,IrR30
9,IBy15
6,PAl18
6,PAl16
6,GTh20
9,ChL1
6,BHu10
6,GTh22
9,ChL2
6,GTh23
6,GTh24
6,GTh26
6,GTh16
9,BeH2
6,GTh18
13,ToH40
18,RiB15
9,PAl21
21,Z9750
6,GTh30
8,RtS10
6,GTh32
3,TKa10
9,RRa10
6,SvB04
8,FZ20ZZ
3,CJ4
6,SvB05
6,GTh36
2,CJ6
6,GTh37
3,CJ8
6,GTh28
15,BBe1
6,SvB10
9,BHd10
26,IBy10
9,IrR50
13,ToH26
6,PM15
8,BaK20
6,GTh40
6,PnM14
3,SSo13
6,GTh42
9,PnM12
13,SSo15
6,GTh44
6,GTh46
3,SSo16
6,GTh48
9,WWn220
6,GTh38
18,LPe3
9,KvR10
26,PnM10
9,LPe7
18,PnM11
3,SSo10
18,IAv10
9,PM21
6,RFM10
9,RiB30
26,Z7110
6,PM20
15,RFM12
9,MBe4
8,LoG40
21,BSi3
9,MBe1
6,RiB28
6,GTh50
6,MBe2
6,CBm60
6,GTh52
13,CL1
21,DkP3
6,GTh54
21,DkP4
6,GTh55
6,GTh56
9,MBe8
6,GTh57
9,JDy10
6,GTh58
9,AbH1
9,RtB11
18,PM10
9,RtB14
6,RiB25
6,PM12
18,Z9783
18,RiB21
2,Z9780
6,FrT16
15,FrT13
6,GTh60
6,IAv25
6,GTh62
6,FrT10
9,JCv10
25,RMc10
6,PTA12
2,PTA10
9,LM38.
6,IAv18
9,IAv19
6,FrT25
6,FrT23
6,FOp10
9,ASj15
15,FrT22
21,IAv16
6,FrT20
21,ArH101
21,ArH104
21,ArH102
21,ArH103
6,CBm11
6,CBm10
18,TGw10
18,PuA10
6,FrT32
6,FrT30
21,HaF35
3,RoD10
21,JCe10
9,RdD10
6,CP2
9,Fpy7
8,MoA10
9,CyS1
13,WFr70
18,GiC10
18,GiC12
8,HwF10
18,WR120
9,LiW10
21,LiW14
6,MaI10
18,MBm3
8,JNe20
13,JBs10
6,WFr45
18,MBl5
6,ChV2
9,WFr38
18,ChV8
21,ArH111
6,WFr33
6,RBt17
21,ArH112
21,ArH110
18,ArH115
21,ArH116
13,WFr36
21,ArH113
21,ArH114
21,ArH108
18,RMt10
21,ArH109
21,ArH106
21,ArH107
8,MUy10
6,MvS1
6,MvS6
26,MvS2
6,MvS3
18,MvS4
21,ArH117
21,ArH118
9,KPe10
27,TSz10
3,RVL14
26,RVL17
21,RVL16
3,RVL10
21,QuL10
18,HDc6
27,AR10
27,NVe10
18,WR10
13,RSB5
21,ThD50
6,FrC1
26,GrN10
15,ChW2
15,ChW3
18,ChW6
6,ChW7
18,FWx10
6,DSW15
6,DSW18
9,KZs18
6,WA10
6,WA11
18,WA12
18,WA13
6,WA14
9,FWx20
18,WA15
3,RVL32
9,BSt5
13,NoL36
9,WR31
9,BSt1
3,NoL30
9,LiW30
18,PDe10
9,WA17
18,WA18
6,WA19
6,AA13
9,JKm10
21,PhL100
9,RVL25
13,RVL28
15,Z2310
21,NoL26
6,AA29
18,DSh10
9,BeW4
9,AA41
9,TGi9
9,JJm4
18,TGi7
6,GAd5
6,JJm6
23,JJm9
26,AnW10
13,AyW11
21,AA37
6,AA38
9,WR50
9,WA20
9,WA21
9,BeW10
9,WA22
6,WA23
9,BeW12
15,WA25
6,WA26
6,WA27
18,WR42
9,ALv10
6,WA28
9,WA29
9,JVm10
8,IvN10
9,JVm17
23,GMu15
9,GeH10
23,WR40
6,JJo1
6,JL10
9,LPu1
6,JL15
6,JL13
2,AdI15
25,IGg10
9,HgH10
6,HDu10
21,BrL15
8,EdA20
6,WR72
18,USt10
6,ABW40
13,RuJ3
9,GBS10
18,AWe10
13,RuJ8
9,DlB3
8,EdA10
8,EdA15
9,WR60
6,MSb10
13,Z9790
21,SaF13
3,JTg13
6,AMy18
18,MBy8
9,GBS20
6,GSK1
6,AMy10
18,NSm10
15,RTh58
13,JkH10
21,JVK30
3,RTh52
13,BrL10
9,RTh53
13,GuM1
18,WR86
13,GuM2
9,GBS30
6,GuM5
21,GuM3
18,WR80
9,GyS10
8,GBS42
13,FrM1
9,GBS40
3,DMD50
3,FrM6
8,RiC10
18,FkP10
9,SaF20
6,RtT10
3,IQd10
6,AMy20
8,HCa10
3,DMD40
6,GAr59
21,RdM8
16,GAr58
21,SaF19
6,SW25
15,RTh27
6,HCP12
18,HeB10
6,HCP10
9,HBo10
3,SW22
18,HeB12
9,SW21
9,JGr18
9,DnD10
9,BiA10
15,RTh23
8,HeB15
9,SW28
9,JGr15
23,IF101
9,ELh1
23,IF100
23,IF103
9,RAl1
9,GAr60
3,IF108
21,Ird16
26,RAl5
9,IF106
9,DMD35
9,FSl10
6,Ird10
9,SW13
6,RTh15
6,HCP24
6,SW12
6,SW10
9,Ird14
6,Ird12
6,SW19
9,SW18
9,RTh12
9,RTh11
18,HCP28
9,HCP25
9,SW15
9,HCP26
3,FrN3
6,JHd10
3,FrN5
15,Z4910
6,HMo10
3,FrN4
15,Z4911
3,FrN8
8,DMD25
26,FFf10
8,RRo5
13,JkH20
9,RRo1
9,JGr30
15,Z4917
26,RRo9
15,Z4914
18,RTh42
15,Z4915
15,Z4920
6,IF125
23,IF120
6,GAr80
27,ClD10
6,GC10
9,GC11
9,GdS2
23,IF129
6,GC14
9,GC13
21,JGr23
26,SW33
9,RTh35
21,SW30
9,BSc40
18,POC29
9,GBS90
26,RTh30
9,POC25
13,GRo1
26,POC20
15,FrP2
9,GBS98
23,IF112
13,GRo5
8,IrS10
9,GBS97
9,GBS96
13,GRo7
9,GBS95
9,GBS93
23,GBS92
6,FGi20
3,TMy10
21,PeC10
9,IF115
9,GC26
9,MeG51
6,RC20
9,SET1
9,EDF10
9,SET8
9,RMw10
3,PHt11
9,RC21
9,RC22
6,GC30
13,Z7410
13,EDW30
9,GC31
18,GC33
18,GC36
9,GC15
18,GC17
9,GC19
16,RT20
13,VeS30
13,EDW26
26,DH5
3,PHt20
6,RC12
6,RC13
9,RC10
18,SDr1
26,RT30
9,GC21
15,GSy30
6,GC23
9,GC22
21,RC19
9,MeG30
15,GC48
8,FrW14
9,GRv10
8,FrW10
6,PaJ60
25,GRt1
18,ClW20
8,MBc10
9,PSc10
9,EDW13
13,EDW14
15,GSy40
9,GC54
9,EDW10
6,JPL10
8,FrW18
21,IdL11
15,GC39
21,IdL10
8,FrW22
15,WPr10
8,RMw15
13,VNa10
6,FrT5
6,FrT7
9,PSc12
18,DLv10
15,GC41
9,GC40
25,CaF10
9,ILy10
26,GC44
6,GC47
8,FrW30
13,FrF26
9,JnC1
9,SRo20
21,BSe10
21,ARG2
6,DL3
21,PaJ10
9,DL5
18,DL4
9,PaJ12
18,DL7
13,FrF28
8,DL9
13,FrF35
6,FrF30
21,BSe20
13,DBy10
9,MCh5
21,SuS20
8,FrW50
18,GGC10
13,DMy10
13,MyR10
18,JLB1
9,SRo40
6,FrF45
6,JLB7
13,OlS3
6,FrF40
9,MCi2
18,SuS25
13,JqL10
9,H1
21,SRo35
9,H3
9,H7
9,H8
21,H9
9,JnD6
25,SRo32
15,NML24
6,NML23
6,NML22
15,NML21
6,NML20
9,XaK10
6,RbR10
25,RRz1
18,RbR12
9,RbR14
13,NiR3
13,RRz6
25,RRz5
9,NiR2
9,NiR1
25,RRz3
21,JNs104
6,HyA2
21,JNs105
13,HyA3
21,JNs102
21,JNs103
21,JNs100
23,MCi3
21,JNs101
21,JNs108
21,JNs109
21,JNs106
21,JNs107
6,BTh13
18,GAx1
9,RAA10
9,BTh15
8,WMi25
6,BTh10
8,WMi22
6,RUn10
26,Atk12
9,BCl5
8,WMi19
16,BCl4
16,BCl1
23,CH10
9,JBC14
9,CWr3
6,RbR22
9,SyC5
6,MSe18
9,DS6
6,MSe15
9,DS5
27,DS8
16,WCl28
16,WCl29
8,GeB3
9,MHe15
13,PSc30
16,WCl31
9,MHe10
16,WCl30
2,WBz13
26,LPs10
2,JBC27
16,WCl19
9,PSc39
16,WCl14
16,WCl17
16,WCl18
9,JLG4
16,WCl15
3,JLG1
16,WCl16
9,JLG8
9,PSc41
18,JLG9
6,BE16
6,MSe10
6,BE13
6,BE12
6,BE11
9,BE10
9,ReC4
9,ReC5
28,AS18
21,JKp35
26,BnR10
9,TYg8
21,RSa5
6,BE29
6,BE28
6,BE27
15,BE26
21,JKp32
6,BE25
2,BE24
3,JBC55
9,JKp30
6,BE23
6,BE22
6,BE21
6,NML31
6,MTh10
2,JcC10
9,LRF20
9,ReB8
2,RMD10
3,LRF15
9,RWc10
6,BE39
6,BE38
6,BE36
9,GeK10
18,JnC10
9,GSc8
6,RSh15
26,RSh18
6,RBa1
21,MiC15
26,RSh10
21,MRs40
6,MRs41
9,MCs2
9,MCs3
3,W100
3,LgC20
18,LB26
9,GeK20
9,LB28
9,ToL10
18,MRs32
13,AlA10
9,LB12
21,MRs36
6,JJm13
9,LB14
9,GSc2
15,LgC30
9,GSc1
9,LB19
26,GSc3
9,LB18
9,GSc6
26,GSc5
18,ATn11
6,ATn10
9,S5
9,S6
21,GoH10
9,ATn12
9,MRs21
9,BTv5
6,BMc10
6,NIs10
6,MSC10
3,MRb10
3,ChJ30
18,JLM2
9,ChJ36
9,JLM5
9,JLM6
18,JLM3
9,JLM9
6,GAd10
9,JLM8
6,RSh20
9,LB30
6,LB34
13,MRs13
6,LB33
9,TMk10
9,EtS10
6,TCn10
18,FTr10
6,FTr14
21,RBe5
26,ChJ25
23,LeS110
23,ELM35
9,ChJ12
6,EdS75
6,LeS100
6,BeG10
6,ELM21
15,ELM22
23,ELM24
16,ELM26
23,RBe1
16,RBe2
6,ELM29
21,GoH51
21,GoH52
9,HeE10
21,GoH53
6,JSg22
13,RHy10
21,GoH50
6,EdS65
9,MCy2
21,GSj1
9,MCy3
6,EdS60
21,GSj2
9,MCy5
9,LNm14
3,ELM17
6,ELM19
9,LNm10
26,JSg18
23,RSfl0
9,MiC25
18,RSh5
9,GeK5
6,FCo20
3,MtC15
6,EdS50
18,GvM7
18,GJo10
9,LoK30
18,DIl10
9,TWh62
6,FCo10
9,ABi20
9,RiF53
9,AMi15
9,SSb10
28,JSg35
6,AMi19
8,REp18
3,LoK20
6,AMi12
21,JRu14
25,MCg10
18,xdH10
21,JRu12
9,FDa10
18,WRh10
2,BZi10
8,ErM10
13,JFr22
15,TWh41
15,SvF10
18,TWh45
9,Z3910
9,HoB25
18,GSn6
8,ErM20
21,IDa10
13,JFr10
9,RvP1
26,ErM25
9,SyS2
13,JFr12
9,SyS1
15,TWh50
6,EMa10
21,IDa17
8,RvP9
9,IDa19
27,IDa14
6,EMa15
8,RvP6
13,JFr15
6,CGl10
9,TWh60
6,TWh25
18,BtB29
9,SJF17
9,RiF18
18,BtB25
26,RiF15
18,MdV14
21,TWh20
6,KSa10
26,SG33
23,MBd10
6,SG30
18,EMr10
6,IHu1
21,RiF10
18,EMr13
6,ACl10
26,SG37
18,EMr15
18,GvM12
9,TWh37
18,GvM10
9,RtW10
9,HKl17
18,MdV10
23,GvS8
18,BtB32
21,GeR1
3,JKw5
9,LoK50
18,RiF39
13,MBu10
9,RiF36
9,BFo14
9,BFo12
9,EG3
21,HKl23
9,GSi10
16,SG54
8,REp10
18,BtS10
3,FRJ30
18,GvM14
18,GvM13
13,GBo5
8,RiF28
6,JsS10
2,BtB15
3,RiF25
27,TAF10
23,MDa5
13,RSp8
21,IBl15
26,SG43
9,IBl10
26,RiF20
26,SJF20
9,RiF21
13,SJF22
6,HoB50
18,HKl30
9,LuD4
15,RD18
3,IrC54
2,MoT10
23,IrC56
3,IrC55
2,MoT12
6,SG71
6,GSt1
21,RD41
6,GSt3
6,GSt2
15,GSt5
15,GSt4
21,MBb15
18,GSt7
6,IrC51
18,GSt9
3,GSt8
3,RCh10
6,THk14
13,EMt10
2,Z9950
6,GeW3
6,GeW5
18,ARb1
8,MAp14
9,SG60
9,RD30
6,GSs2
6,GSs1
23,RD37
16,SG69
9,REn60
9,SG66
25,DLD10
6,Z8630
9,Z9960
26,IrC76
18,MNe20
9,MeF10
13,JiC20
9,IrC77
27,PMo3
26,IrC79
18,MNe25
27,PMo5
18,MNe22
9,MNe29
9,EK1
9,EK2
18,IrC73
9,EK4
26,EK7
9,EK6
9,EK9
9,RBt6
15,VM1
2,Z7310
15,VM4
15,VM3
18,VM5
9,VM8
15,VM7
18,IrC67
26,DMi45
6,VM9
27,MNe12
18,MNe18
23,IrC60
21,EMo5
6,THy6
18,AfA10
27,PMo1
18,LuH8
23,DMi35
21,MAp45
9,MAp47
8,MAp41
8,DzJ10
9,MAp42
25,FrV10
8,MAp43
13,DmS1
18,DL11
3,DL12
18,YvR10
23,BuG10
9,DL15
15,WiG10
6,IrC95
21,JPK15
15,JMB5
18,JMB7
15,REn30
9,JPK10
18,REn32
26,MAp39
15,IrC86
15,DMi25
13,EDi14
6,DMi28
8,MAp52
9,REn18
9,DMi27
25,FrV20
15,IrC81
25,MAp50
6,xAb1
6,JoD5
25,DAf10
2,FrE10
13,JoD9
8,ArD10
6,REn20
9,DMi32
21,DMi30
6,JeY10
26,MAp25
6,DMi15
8,MAp21
13,EgM12
9,REn50
23,EgM10
9,YvA13
6,W25
23,REn53
26,REn55
2,NOs30
15,MdC10
8,MAp34
15,GSy4
6,EP1
26,BGt10
3,GSy7
15,GSy9
18,DpM13
18,AdL6
18,DpM10
15,AdL5
9,JoF1
3,W30
6,JoF5
9,REn45
15,MdC16
9,W38
3,DMi10
6,MAp27
9,MAp29
18,ThF11
9,FPy1
18,JNs210
15,ThF15
18,DeM10
15,ThF17
6,FPy8
8,RoF30
8,RKp10
9,W40
9,W41
13,GFr35
9,DeM17
18,BW19
6,BW18
9,CVi16
18,BW17
9,EMu1
6,ThF25
6,BW16
9,BW15
18,BW14
26,BW13
6,BW12
18,BW11
6,BW10
9,JeH30
9,CVi10
8,RoF20
23,SeC10
18,ERr52
8,KrK5
18,ERr50
23,W55
18,Hha5
18,ERr55
9,HSr10
9,W56
21,PhN10
9,BW28
26,HHa20
21,BW25
8,HSa10
15,BW21
21,PhN17
15,FJS35
6,CWl10
21,PhN14
21,HFa1
9,W60
18,ERr40
18,BDn7
18,ERr45
3,W66
18,ERr43
6,HHa10
13,LAl2
9,BDn2
26,MF15
3,HHa12
18,ERr47
18,HHa15
23,HHa16
21,LAl4
21,PhN22
25,PhN20
21,HHa31
21,FJS29
6,BW30
23,JeH10
9,RnC10
9,W70
9,ERr30
9,W73
26,FJS22
6,JMG4
18,AAl6
9,W74
9,W76
9,W78
6,JeY30
18,ERr37
9,HHa27
9,HHa28
18,RMe12
6,JLa10
3,FJS16
21,FJS18
26,FJS13
16,W82
18,ERr20
13,RTa5
9,W83
23,W85
18,ERr22
9,SDv10
26,HHa32
3,HHa38
26,HHa39
3,HHa50
6,MF18
9,JoL2
6,KeS10
15,LuR8
18,JoL4
25,HGC3
9,W90
18,JoL3
21,HGC2
21,HGC5
8,DgB10
15,JoL9
21,HGC6
6,DDo20
25,RBe12
3,W98
6,Z9920
21,HHa43
13,JLr10
9,RBe15
9,RBe19
9,RWs10
3,HHa60
9,ByB10
6,DPa10
8,LRg10
9,AGi10
23,HHa54
9,HHa56
6,SOe15
6,SOe12
8,RoF10
6,SOe10
13,DPr10
13,DPr12
23,HHa72
15,yAn10
9,ITo10
6,EaK60
2,LiH10
23,HHa65
9,Z8610
9,LiY20
3,AC20
9,BDu2
21,ByS10
6,RkK15
25,RkK10
9,xFa10
6,EaK51
6,EaK50
6,BnS10
6,LAr4
26,MRa10
9,AJP15
6,IvP24
21,BnS15
9,LuV1
6,LuV3
25,JoP2
2,IlM5
13,BVo10
8,ARt1
9,CCa10
3,DRE10
18,CCa13
21,ByS15
6,BDu4
3,xFr10
18,BDu3
15,KOr1
9,JN13
21,JLo4
9,GDG1
6,KOr2
9,JN15
13,JN16
21,IGi10
6,ARu4
25,Z1210
13,EaK30
9,RGu10
6,AaB10
9,CCr10
2,MGr15
2,CCr12
26,IvP40
2,MGr10
13,AlB10
25,Z1220
9,GMf21
18,GMf20
18,RHg10
25,AJP29
9,EOB1
9,AJP25
18,JN31
21,GoG10
6,GLt10
13,HGL6
13,IGi30
25,Z1230
21,RyT55
9,EaK10
18,JN21
21,GLt20
2,WLe10
18,JLp1
9,JN25
6,WA1
15,JN23
6,RTh4
13,IGi25
6,WA3
3,RTh5
6,WA2
6,WA5
3,RTh3
18,WA6
18,WA9
9,IGi20
18,WA8
18,GMf40
23,RyT40
8,MtB16
23,RTh8
3,RTh6
23,GM300
21,JNs111
21,JNs112
21,JNs110
9,PNe4
8,MtB10
8,MiB10
9,MRP10
2,MGP10
23,MRP14
9,HY10
6,SWm10
18,HWo1
6,HY17
18,GMf50
6,GM305
6,GM310
9,JMS2
9,BDH30
9,JMS1
18,ChK10
9,ChK13
6,SWm6
6,JMS9
13,GMf60
2,LCl10
9,Sys3
9,HH14
9,HH13
6,HH15
9,WD1
9,MDi10
9,RhS20
9,GMf70
15,RhS15
6,FC1
6,FC3
9,LMi25
9,LMi23
27,RCl5
6,HH21
9,RCl4
3,RFr25
9,BDH10
18,HY20
9,LMi35
9,YYa1
6,RDL6
6,SuS12
6,RDL7
6,RDL5
3,RFr30
6,RDL3
18,HH34
23,HH36
3,HH37
6,SGo10
23,SSa10
23,HH41
13,AKu10
23,HH42
15,GCo1
6,HH23
18,GxR10
3,HH22
2,GaO10
6,HH25
6,HH27
9,GxR15
15,HH29
27,HH28
9,Pal20
9,GTo1
9,IFD25
9,FF1
9,FF3
9,FF2
9,FF5
9,FF4
9,FF7
9,FF6
9,FF9
18,SHa10
26,EdC10
23,HH30
18,HH31
6,GxR20
13,WH9
9,PBa12
2,JLz2
9,RRu20
9,RGu15
8,DbC10
3,RCo3
6,RRu15
9,ByH5
18,FB15
3,RFr19
13,RFr15
6,PdB10
21,CHp10
9,PLo10
9,FB21
15,GSy17
6,STu10
3,NiM20
6,STu11
21,MCf10
21,RFr10
15,GSy10
18,FB13
15,GSy13
6,CTB16
18,FB39
6,CTB15
6,LeG5
25,RTu3
6,CTB10
21,CHa20
3,CHa25
21,CHa18
9,CSr20
18,FB40
9,FB42
9,FB43
15,EAr12
9,FB45
6,FFH1o
6,EAr10
6,PRs10
18,FB27
18,FB29
3,CTB25
6,BrP10
13,LwT43
13,ABd4
21,FL9
18,HWx9
3,LSm10
9,CHa27
26,HaK20
8,RSn100
6,CGo10
21,RTu1
3,LSm17
3,LSm13
9,LwT30
21,JWH100
9,RcF10
3,RcF12
3,LwT39
3,RDW2
9,FM4
13,FM3
9,LaC25
9,FM6
13,LwT33
9,LaC20
21,HvH14
18,FM7
21,HvH13
6,El9
9,FM9
6,AES80
16,RDW7
21,HvH10
21,HvH12
2,UlO20
21,HvH11
6,AES85
6,ASf8
3,UlO25
8,RLT10
9,BVi5
18,WBe1
9,LwT20
18,PtC10
6,CHa10
21,LaC35
21,CHa14
15,CSr15
2,RWe10
8,RcW10
15,CSr10
2,UlO10
13,HSu10
9,FB51
6,AES74
9,FB52
6,ABl10
9,UlO12
8,FeS10
26,RcW16
6,AES70
9,Z5020
9,UlO17
6,RZL19
9,RZL15
6,JWH120
15,RZL17
9,GTz3
21,DLR3
21,DLR4
9,DLR5
6,PTh10
9,BFr10
18,DKu10
6,JAu10
6,MaN35
9,MaN30
8,HHS16
9,DMH15
9,RDL18
27,LeJ8
23,RDL17
8,HHS12
8,HHS13
8,HHS14
8,HHS15
6,LSh1
27,KrK20
6,AES10
9,PSv12
15,ADr10
6,AES11
9,PSv13
21,RDL24
8,HHS28
6,BuH15
15,RZL37
15,RZL39
8,HHS22
18,BuH10
8,HHS24
8,JMe1
8,HHS26
9,RZL31
15,GDo18
13,FdP10
8,ACo10
6,GPa2.
18,NJ25
6,DMH10
9,NJ20
26,IIr17
8,HHS38
9,RZL26
15,RZL28
9,RZL22
15,RZL25
15,RZL24
8,HHS36
26,RZL20
6,PSe10
15,NJ11
3,GDo23
18,DKu1
6,JKr10
9,DKu5
18,IIr30
8,HHS48
26,GDo39
18,IIr32
23,GDo32
6,HtB10
26,KBr10
6,KBr12
26,NJ42
6,KBr14
9,KBr16
9,KBr17
9,FT1
9,KBr18
21,FT3
9,FT2
9,FT4
13,GCl10
6,LeN8
9,FT7
18,FT6
18,FT9
21,FT8
13,WLW15
13,BGu10
6,Z8910
8,HHS50
18,IlE10
15,GgA9
9,NJ34
9,KBr20
26,MhR5
6,NJ30
9,MhR1
9,WTMx
8,MkK10
9,GF150
23,GDo50
15,GCl20
23,JKa20
26,PCx18
13,IvB10
6,JWB10
8,JVa10
18,KrK35
18,KrK30
6,JLB12
9,LeR5
27,KrK38
27,KrK39
9,GeM17
23,ThI65
9,GF160
18,PCx29
18,PCx28
9,PCx25
27,KrK40
21,WCM2
18,MaN40
9,WCM6
6,MFr16
6,RDa5
3,RDa6
26,CWm10
9,GF170
6,RDa1
23,ThI33
26,GDo71
23,GDo74
18,RcF34
8,YlG10
3,RDa9
9,KLo15
3,GDo76
25,GDo78
9,AD10
8,CAm25
25,GDo81
18,CAm30
9,GDo83
6,RAC10
9,JJo10
21,RbC20
9,PPm10
23,ThI10
25,JbB10
23,ThI18
9,PPm15
2,GLw10
9,FZ3
3,RbC10
8,FZ8
9,JMl1
23,JKa47
6,ABr9
6,ABr7
25,TmM1
9,ABr3
6,ABr4
6,ABr1
8,CAm12
18,NT105
13,RFu11
9,RFu10
13,RFu12
8,RSt340
9,Z1548
21,RSt341
6,Gfi2
21,RSt342
9,KLo56
3,JSz10
9,Z1546
21,RSt343
18,KLo55
9,KLo51
21,JSz15
18,Z0220
9,Z1552
21,RSt337
21,RSt338
9,Z1550
21,RSt339
9,Z1556
21,RSt333
21,RSt334
9,Z1554
21,RSt335
26,OlS18
21,RSt336
26,OlS17
9,SGi3
21,SGi4
8,GoJ20
13,DoC7
18,PWr16
6,RtY15
18,DPs10
6,RtY14
18,JMn1
25,JMn2
9,JMn5
9,MPo10
21,RSt330
9,Z1558
21,RSt331
21,RSt332
18,TKg10
6,DPs13
13,RtY10
3,EHe10
21,RSt326
9,Z1562
21,RSt327
21,RSt328
9,OlS25
6,Mgy5
18,Z0230
9,Z1560
21,RSt329
21,RSt322
9,Z1566
21,RSt323
21,RSt324
9,Z1564
21,RSt325
9,PWr12
26,OlS23
6,PWr14
18,OlS20
9,Ady3
6,MFr33
9,GgL2
8,BWb10
13,PWa10
9,Z1568
6,SSu10
26,AlC20
18,Z0240
9,Z1572
6,Z1578
9,PWr21
9,IsJ12
9,Z1570
6,ASm10
21,SGi8
9,JSi10
26,IsJ10
21,SGi6
21,LeP10
6,KLo43
8,KLo40
13,CCb10
13,WlC10
3,WWh80
21,RSt344
9,KLo46
9,KLo48
18,Z0250
6,JfPd10
16,RVL6
9,AlT10
6,LBx5
21,LBx4
3,CDe10
9,ClD1
9,LBx6
9,DSk67
9,DSk66
9,DSk69
18,Z0260
9,DSk62
9,BiA9
9,BiA8
9,BiA7
18,DSk49
26,BiA5
13,JiG10
6,DSk48
9,BiA3
3,BiA1
9,MCi10
27,AlC10
9,DSk54
21,ClC8
18,Z0270
15,NT127
15,NT128
9,JMu3
18,CDv10
13,AbF12
6,OIo10
15,BBe14
13,AbF14
15,BBe17
21,RSt320
9,LoM10
21,RSt321
9,GlR15
15,BBe19
21,WWh50
6,HoD20
16,GC1
6,HoD24
3,HMR10
6,GC3
2,JuJ10
6,NT121
9,GC4
8,PaJ5
9,GC7
6,NT120
9,GC9
9,PaJ2
21,RSt319
9,GC8
6,REM5
15,BBe20
15,BBe21
15,BBe23
25,AbF25
9,GlR25
2,JuJ15
2,JuJ17
2,JuJ19
9,GlR20
6,HoD10
3,MiA8
6,NT110
8,NRo10
6,xPr10
21,DSk32
8,NRo12
15,SSS45
9,Ava3
6,THo10
9,RCl10
9,RDo40
9,HHS1
13,WEd10
6,RDo26
6,RDo28
13,EaK8
9,RrB18
8,ErM3
6,DMG2
21,RDo32
8,MWa4
2,FOR30
6,RrB10
18,THo20
9,RDo30
6,RrB16
9,VNu15
13,RW30
9,PTi10
27,FT10
18,FT12
6,FPy10
8,FT11
6,FT14
18,FT13
26,FT16
6,FT15
18,FT18
6,PHw10
2,FOR20
9,GF31
9,GF30
9,HHS3
6,GDo2
6,HyA10
9,HHS6
6,GDo4
9,HHS8
26,VZg10
8,HHS9
15,KvG10
26,FPy20
6,SSS58
9,FPy22
6,SHS5
25,GGy10
9,GH3
9,LLG10
2,FOR12
6,GH8
2,FOR10
13,DaA18
2,KSR30
6,FC15
26,FC17
13,WFx10
25,GuL10
27,FT30
18,AdL10
9,KSR35
8,FPy30
9,AdL16
13,DaA13
21,SHS10
9,AdL14
9,Z1512
9,MLR12
9,Z1510
15,MLR14
9,PaP2
9,MLR16
9,MLR17
3,MLR18
6,FC21
9,FC22
9,FC23
6,FC24
6,HyA30
9,AdL20
9,AMk10
9,Z1516
25,MiG7
9,Z1514
25,MiG9
25,MiG3
9,FT21
9,FT20
8,GGh10
9,Z1518
25,MiG5
9,AdL25
18,FT22
9,FT24
9,Z1522
18,FT28
9,Z1520
9,FC36
15,FC38
9,Z1526
9,Z1524
18,JrR10
9,Z1528
9,Z1530
9,Z1532
18,GF70
6,FC40
21,RDo20
15,SGa10
15,FC25
3,FC27
9,Z1538
9,Z1536
6,RrS10
21,RPa10
9,RPa15
9,PaM10
2,KSR20
18,Z0210
9,Z1540
9,FZe15
9,IWk10
15,FZe10
9,Z1544
9,MLt10
9,Z1542
9,RDo10
13,MLt15
27,JqB5
16,FC34
18,FC35
9,LlB21
6,MiL4
6,MiL5
6,MiL7
8,RMg10
6,MiL1
6,MiL9
13,DoS8
13,DoS9
6,MyS10
9,InB3
9,InB4
9,InB1
9,SGy5
18,GF90
9,InB2
6,MzN4
9,InB7
8,RMg15
9,InB8
9,InB5
8,RMg17
9,InB6
9,InB9
21,JPM10
18,HKl40
13,MLa10
15,JqM10
9,MLa15
13,MLa19
6,EBe32
6,EBe30
13,MWa10
15,JqD4
18,JqD3
6,PGr12
13,FrG10
21,LaB30
18,JqD2
2,PGr15
21,LaB31
15,FAs1
15,JqD5
15,WTh3
9,JCi14
26,JCi12
18,JCi17
9,PGr17
2,PGr20
9,DaT10
9,JCi10
8,PiS10
21,H10
2,RAu10
21,H12
21,H11
18,H14
21,H13
9,GP3
21,H16
21,H15
15,H18
21,H17
26,LaB10
21,H19
6,GP9
6,JqF6
6,JqF4
9,GiG10
6,RLu10
9,LlB64
26,LlB67
18,LuM13
21,JMw10
25,LlB68
9,H21
18,LuM10
16,H20
16,H23
6,H25
21,H24
21,H27
18,LuM16
21,H26
21,H29
21,H28
13,RCj11
13,RCj10
9,LlB53
9,LCh3
9,LCh2
21,H30
6,LlB57
9,H32
21,H31
13,LCh5
6,PJH10
21,H34
9,H33
21,H36
8,TTN10
18,H35
21,H38
21,JBw10
21,H37
21,H39
23,JNi10
15,PJH14
23,LlB62
3,HSc15
3,H41
3,H40
9,ECh10
21,H43
6,GS3
21,H42
21,H45
21,H44
21,H47
8,GS7
9,H46
6,GS6
21,H49
18,BiF10
21,H48
13,InH2
26,MnB22
23,HHa3
15,LlB50
21,H50
21,H52
15,LlB36
21,H51
15,LlB35
21,H54
21,H53
21,H56
21,H55
21,H58
21,H57
21,H59
9,BiF20
3,JeJ15
6,BiF13
13,RCj20
9,BFo1
26,RyB8
9,MiR5
21,PTV10
8,H61
6,MkJ11
21,H60
21,H63
21,H62
21,H65
21,H64
9,CAL50
21,H67
21,H66
21,H69
21,H68
13,APe10
9,JNi1
9,RWB32
15,TDa10
9,RWB33
6,TDa11
26,DLy21
9,MSw10
18,GrR12
15,GrR15
6,GrR10
21,H70
6,LlB97
27,xQu15
21,H72
21,H71
21,H74
21,H73
21,H76
21,H75
6,SBa15
21,H78
27,GrA10
21,H77
21,H79
13,SHa7
13,RLB22
9,DLy12
25,DLy10
25,ClZ10
9,NnM10
9,RWB20
9,JnD10
9,DLy18
18,WDM3
6,ClZ19
3,APv11
18,WDM5
15,MiT3
21,H81
21,H80
26,DLy2
21,H83
21,H82
8,DMk10
21,H84
9,DLy8
8,MWid15
9,MWid16
13,HHe1
6,NcM10
21,NKz10
6,LlB90
18,CAL35
26,LlB95
9,CAL36
18,LuM25
18,LuM21
9,SAo10
9,RWB45
26,RWB42
6,MFr5
23,LwS90
18,LlB83
26,MFr2
15,LlB85
25,CAL46
13,JnD33
25,JnD36
6,MRt20
26,MRt27
9,RWF8
26,RWF6
3,IvR25
27,RWF3
9,PFo15
25,RWF4
9,RWF1
2,Z8820
9,RWF2
9,FSc1
9,CAL15
18,IvR23
9,FSc5
6,IvR21
26,PRP10
18,CAL20
13,MRt11
6,MRt18
8,RWd10
6,IvR14
9,PFo25
6,IvR19
25,JWR13
6,IvR12
9,PFo20
21,CAL25
6,IvR10
6,RLB10
6,RKa10
18,JnD11
13,RLB12
21,RWB10
13,ATu1
9,Upr2
13,ADT9
6,RFG1
8,LPt10
9,GMy20
9,JnD28
13,WCr4
13,WCr5
13,DCn12
15,FeF8
13,ACt8
13,WCr6
15,GAv10
6,DPt41
6,HIL5
6,RRw25
18,MGA14
6,EuF10
19,WlB20
9,MhR20
3,FLl89
9,GMy45
26,FLl85
9,RRw20
23,FLl80
6,RFG9
6,RFG7
25,RFG5
21,JqT4
13,JqT3
6,RFG3
13,JqT2
9,JqT1
21,JqT8
6,DPt37
27,JqT7
6,DPt39
26,MiD20
9,WlB14
13,GAe10
18,DPt35
3,WlB17
18,DPt36
9,YYa10
9,RRw15
9,YYa11
3,WlB12
13,GLe10
21,RSt445
21,RSt446
3,FLl75
26,MhR10
6,GyM4
9,WaB10
9,FLl70
27,ARk12
3,ARk10
26,MiD10
15,DPt23
9,MtD10
6,EuF30
6,JSy10
9,DMc1
18,FLl62
21,NLl99
21,NLl98
21,NLl97
8,ETG10
21,NLl96
21,NLl95
21,NLl94
21,NLl93
13,ETG12
6,EuF40
9,RRw37
15,RRw35
9,FLl59
9,DPt19
6,RRw33
6,HJ10
13,VSa10
6,HJ12
18,HJ14
21,HHo3
9,YAl10
6,HNe20
21,RkM10
21,HHo5
13,VHa10
16,EuF51
9,EtC20
13,RWB77
6,GLC11
6,GLC12
6,EuF50
16,EuF55
13,RWB73
9,EtC25
16,EuF53
16,EuF59
15,WAS112
16,EuF57
9,FLl40
18,WAS115
21,SHo4
13,FKi10
21,SHo2
9,YYa60
6,GLC13
15,Pri1
6,YYa62
15,Pri2
13,RWB67
9,YYa58
6,YYa59
6,WAS100
26,FLl30
9,TBl21
21,RSt440
21,RSt441
21,RSt442
9,ETi10
18,WAS130
15,REn6
6,YYa82
6,SkT1
18,YYa78
8,IrW10
9,FLl10
6,WAS125
21,RWB82
9,DRi20
3,EBS90
23,FAl10
9,DuM20
9,TLW5
9,IPC25
9,TLW1
6,StR10
9,DRi14
21,DRi10
3,SiA10
9,SSR10
9,SSR12
23,SSR15
6,DuM10
3,HoC10
3,HH9
13,StA10
6,ChM20
13,JEp15
3,xLe10
9,DGz10
18,BBw10
21,RDL11
9,Z6930x
6,WRi20
9,RDL15
9,MCy11
13,FRK10
9,MCy10
26,RDL13
18,HJ5
18,BBw20
6,HJ7
3,EBS60
23,HHu2
3,HHu1
9,WRi10
26,OlA16
18,OlA15
27,ALi10
15,DaB31
9,OlA10
15,DaB30
9,CuB40
15,DaB33
21,LwT10
15,DaB32
13,WGi10
6,CuB44
13,WGi15
18,NCs10
3,EBS50
9,KuF9
15,DaB28
15,DaB29
6,HL1
9,AgH5
6,DaB23
6,HL3
9,MGe5
6,HL2
15,DaB21
15,CuB39
9,AgH1
8,HL4
15,CuB37
15,AES90
9,MLs10
6,HL8
26,WHl32
9,CuB34
26,RtG10
26,RtG12
6,DaB17
3,JaC1
9,MBe18
15,DaB13
15,DaB11
6,FCr10
6,FCr11
9,JsC10
2,MBe10
6,BrP15
3,EBS30
26,JDm10
6,JaB2
9,JaB5
6,ALi15
9,EdE10
6,PFa10
9,DWG71
8,DWG72
9,DvR10
21,PhS10
9,SBu10
2,NoB10
2,JBi10
9,DWG64
6,RnH13
6,AnL10
6,RnH10
6,MlP10
9,MxB10
9,AVL2
9,DWG50
13,DaD10
6,NMa10
9,DWG57
18,DWG58
9,DJR15
9,DWG55
9,DWG52
6,LHM10
2,GrD10
2,AWk10
9,MxS10
26,DWG40
23,AVL9
21,MxS12
9,AVL7
23,DWG49
9,JPH1
9,ToG6
13,KuN5
21,GzB1
9,KeG10
6,ADA10
6,MSz25
8,RMY10
9,DWG27
9,RWg13
9,RWg14
9,RWg16
18,RWg10
9,RWg12
26,MSz11
6,DWG11
6,PFr10
26,DWG10
6,PFr12
6,MSz10
23,DWG15
6,RiB1
13,ToH3
9,MVP43
13,ToH1
9,MGo5
3,GeO10
9,EPy5
6,PFr17
18,MVP47
9,GiC3
25,MiG13
25,MiG15
9,PCz30
13,DMy5
25,MiG11
26,ToK1
9,WW30
25,MiG17
25,MiG19
21,RiD1
13,PeJ10
18,DLi10
26,ToP10
27,HlH2
6,VGa12
25,HlH3
27,HlH1
9,SLa30
9,DWi10
6,VGa10
21,BRf38
9,RvP13
9,HlH9
26,BRf30
18,BRf32
18,BRf34
21,HeD101
18,DAz21
9,HY1
21,HeD100
2,TNa10
9,DAz23
21,HeD105
15,PCz50
21,HeD104
21,HeD103
21,HeD102
9,WW44
18,WW45
23,WW47
9,WmH10
15,VHd10
9,WW54
21,HeD109
21,HeD108
21,HeD107
21,HeD106
21,HeD112
15,PCz65
21,HeD111
15,DAz35
21,HeD110
26,NJi10
6,RiF4
21,HeD116
21,HeD115
15,PCz60
21,HeD114
21,HeD113
9,ToL1
9,JPM5
9,SJF9
6,TMo10
6,TMo11
6,QTa3
9,WW41
25,QTa1
9,WW42
9,WW43
21,HeD119
6,Z7840
21,HeD118
21,HeD117
9,QTa6
21,DMl10
9,LeR25
15,GWh10
9,WW66
18,WW67
6,MiG50
6,MGw1
23,MGw2
9,BSi13
9,WW73
6,Opa2
21,NLl110
21,NLl111
21,NLl114
23,MGw5
21,NLl115
21,NLl112
9,Ari10
21,NLl113
6,MiG45
9,VdS2
9,VdS4
18,Gmy25
18,DBl24
21,NLl107
21,NLl108
8,WW60
21,NLl105
8,WW61
21,NLl106
9,WW63
9,WW64
21,NLl109
25,WW65
9,VdS5
21,NLl100
9,VdS7
9,VdS8
21,NLl103
21,NLl104
21,NLl101
21,NLl102
18,MiG35
18,PCz10
18,MiG30
13,RWi3
9,RWi1
9,PCz15
25,Gmy35
9,RWi9
23,RWi7
21,RWi4
6,SLa22
9,TrH10
25,MiG23
23,BSz10
18,PCz20
6,GVe10
8,LeR10
3,SWa10
9,GiK1
6,PCz25
23,WW80
21,Rau60
9,WW82
6,SLa10
9,EAB8
6,RWh8
6,WW84
15,WW85
21,WW87
9,TDS15
13,TDS10
21,TCr10
25,MiG29
9,ADx3
9,ADx4
9,ADx2
21,HBe18
15,AGl10
18,CBa40
21,AGl12
21,HBe15
9,ADw6
21,HBe10
9,ADw5
2,KRu4
6,GFi1
18,KRu2
2,KRu9
15,KRu8
26,KRu7
15,KRu6
18,CBa45
6,HAs10
6,ViS84
6,ViS86
18,CBa50
6,ViS87
15,ViS81
15,ViS83
6,CoB15
18,Sko5
6,WiB100
9,IB8
9,ADx5
13,ToS1
9,JSk25
25,HBe20
23,IEn180
6,TVi10
9,RFl5
3,LBn30
15,RFl3
8,ICs12
9,SK12
9,ViS58
23,CBa30
9,HoF10
23,ViS60
13,CBP12
9,BaP10
3,CBP10
21,HeD123
9,TnM10
15,HK30
21,HeD122
21,HeD121
9,VsP10
21,FCk1
21,HeD120
21,FCk2
21,HeD127
13,KHe10
21,HeD126
21,HeD125
21,HeD124
6,JFe20
25,WTa20
6,JsF10
6,ATa10
2,RuM37
2,RuM30
9,HK25
6,JsF20
9,NPk10
15,RiQ6
21,SK26
9,JFe10
3,SK22
9,HK56
3,GH25
3,IG1
3,IG3
3,IG2
8,JFC10
3,IG5
3,IG4
3,IG6
25,MMy10
6,DFg10
13,KIW10
6,CNu10
16,GH30
6,PAR14
3,GH12
3,GH15
3,GH17
3,GH16
9,AkS10
18,NiR40
18,IH2
27,IH1
8,IH4
21,IH3
26,AvS10
21,STi10
6,HK50
18,HyC10
2,RuM40
6,WiB183
26,HK77
9,HK76
6,WiB186
6,WiB180
6,RMk10
6,BLu12
18,DiK10
18,BLu10
21,PHy25
18,StD62
6,StD61
3,HK80
15,ElN20
21,HK82
23,HK83
9,HK66
3,ZK4
6,WiB190
6,LlF10
15,MLe10
15,HK67
3,HK69
9,ZK9
16,ElN15
6,ElN10
6,ElN11
6,StD72
9,MWe15
9,MWe12
9,MWe10
6,PS13
15,StD35
15,StD33
9,FAm10
9,KuF10
21,FAm16
6,AmH13
15,RoL10
6,LaW10
6,AmH10
18,StD45
9,IMN12
18,HK89
9,StD42
6,IMN15
6,StD41
9,KeC1
9,EtS5
6,EtS4
9,NPk30
21,StD51
18,HK91
3,HK92
3,HK94
9,AWj29
18,AWj23
9,AWj22
6,NoT12
18,NoT10
9,GRH12
6,FTu7
18,GRH11
21,JNm25
6,JPa9
6,JPa7
6,JPa8
15,StD24
9,AWj16
9,AWj15
18,JCm25
6,PS22
23,PS21
6,ChN10
18,AWj13
9,VNf10
9,AWj10
6,StD27
27,CKl4
26,PB10
9,GRH20
9,BeK10
3,PB12
18,DSm10
9,OP26
13,SuG20
15,OP24
3,OP23
9,LvT25
2,LvT20
18,AWj43
8,DOR5
8,DOR8
26,RCn30
9,OP31
9,OP30
6,WiB199
6,VrM40
6,VrM42
18,OP15
9,OP14
21,OP17
9,PaH215
8,AWj38
18,OP10
9,AWj37
9,OP13
18,AWj33
9,PHy15
9,LvT10
27,OP18
9,AWj31
26,JeN10
21,PHy20
9,OP20
9,AnM17
13,MxA10
23,AnM16
9,OP44
9,MLR50
9,TMa1
2,AyM18
9,FZe21
13,TFi30
13,AyM15
13,TFi33
18,FZe23
2,Z5115
13,TFi35
18,Z5110
13,AyM10
21,OP50
23,AnM20
8,NKp1
23,AnM28
15,AnM25
9,OP32
23,AnM24
23,AnM22
15,MLR40
18,MLR42
21,MLR43
13,TFi40
9,DHo18
8,VLo50
9,SeG10
15,DvS10
9,EWS10
18,YuB14
9,OP40
6,AAl20
6,YuB10
18,AnM30
13,MkP1
27,RoJ20
9,BrB27
3,ELu49
6,HuW15
9,BrB22
6,HuW10
18,BrB20
6,HuW12
18,BrB21
9,IS2
9,IS5
9,IS7
18,JAv10
9,IS9
9,IS8
18,MLR30
9,MLR31
21,TFi10
26,MLR39
13,TFi12
13,TFi15
3,VSh7
9,VSh9
8,NKp5
13,WCo10
6,BCl10
13,KBg8
9,VoS48
18,MLR22
9,MLR23
13,TFi20
18,VoS42
9,MLR27
13,TFi24
21,BrB30
3,ELu30
13,TFi25
9,ACa40
2,CiS10
18,HiT15
18,AMo13
9,KBi5
6,HuW25
9,VSj6
26,VSj7
9,VSj8
21,GrC12
6,JLv10
9,ELu19
9,BrB10
6,HuW22
9,VSj1
9,VdS24
6,VdS21
9,xTo10
9,VoS26
18,JAv15
6,JAv18
9,VoS22
9,VoS20
27,RBi10
6,ABo10
9,JLT15
9,VdS15
9,JLT12
6,WhS1
6,ACa60
9,BPr10
21,JLT19
9,VdS13
9,HiT35
8,HiT33
18,AAl10
6,WhS3
18,WhS5
9,EdY18
26,RoJ10
25,JWe12
13,ACa50
6,KSm1
6,KSm5
6,JLT35
18,YaY10
26,JLT34
21,JLT32
25,KSp1
9,JLT39
9,LPe15
6,MiW12
15,JmC10
9,AG30
2,AZu25
9,JLT24
9,JLT21
3,IMi4
3,JLT29
9,MGe12
8,EdA5
15,PCh10
9,MGe10
9,Jas44
13,EDm58
9,PCh15
9,EDm43
23,EDm44
9,EDm40
3,IEn220
21,DaA3
15,DaA5
13,DaA7
13,DaA9
6,EuF1
3,JLT50
9,EDm46
9,AG50
6,PdB3
9,EDm34
21,PdB6
21,RHk10
9,EDm39
23,EDm35
3,EDm37
9,EDm38
13,EDm20
27,EDm22
9,JR35
23,BuK10
26,WWi10
27,EDm24
9,EDm25
18,CoB3
27,EDm26
6,RbD10
9,AgH10
9,JR20
9,AgH15
9,AgH13
6,JR25
9,AgH19
18,GAg10
15,DaB3
18,DaB8
18,DaB9
6,MiW43
9,PRb1
9,KBr1
9,EDm18
13,JA15
6,KBr3
9,JR50
6,FTu10
6,FTu15
18,LOb10
15,FTu19
13,GWg16
21,MiW30
6,Z6420
26,PAd1
9,AEy2
21,CMA1
6,FTu20
21,WCM22
13,GWg23
23,MiW21
9,RaR12
18,LOb13
26,RaR13
3,JA30
21,NoB3
6,JA35
9,UPr1
9,JR70
13,JR75
9,JR79
23,IEn280
18,NoE1
9,DaG3
9,JR77
18,NoE3
9,DaG6
8,SSv10
6,HeH10
15,WlD65
18,NoE5
9,WlD61
26,xCm10
6,SL14
9,SL15
9,SL10
9,JR60
6,FTu40
6,JC9
9,JR65
13,IEn290
18,EGC10
9,WlD58
21,WlD53
9,LFZ1
18,WlD51
21,KaK10
15,JR94
9,JR92
18,MZa5
18,JR96
9,WlD45
18,WlD43
6,CoH1
6,CoH2
6,CoH3
8,SL39
6,IDu24
9,NGp10
18,IDu21
8,SL35
18,JHH10
8,SL33
13,IDu22
9,AiN10
6,HL20
6,JR81
6,FTu60
6,WKD50
9,DaH1
9,JR85
21,SL19
9,DaH2
9,WlD39
3,WlD34
26,WlD35
13,WlD36
18,IDu16
3,xCm20
21,SL21
9,SL22
9,FRo10
21,JuB104
21,WlD29
9,CMF1
21,JuB102
21,JuB103
21,JuB100
21,JuB101
26,WlD25
18,WlD20
18,SL53
2,SmW3
9,SL50
9,ICr10
6,PBe10
9,GlS10
9,ICr15
9,ICr16
13,KvY10
9,SL59
6,KHu18
21,SL56
8,FRo20
13,PMe15
9,LiB1
21,LiB2
21,WlD18
13,LnK10
21,WlD19
9,PMe10
18,WlD15
2,KHu21
9,SL49
9,KHu22
9,SL44
9,ARm10
9,FF13
8,FF14
9,DaM3
6,FF15
9,DaM4
8,PdF10
9,DaM6
26,FF18
6,PMe20
9,ICr30
6,JI2
2,PAl1
6,JI1
13,AGm10
6,JI4
9,PAl8
18,ICr38
6,PAl4
9,JGE25
18,ICr36
8,WKD10
23,GKS60
9,ICr19
6,HLa35
18,HKo18
3,MlG5
9,MlG1
18,HKo10
6,JGE10
9,SL62
6,SL60
9,ICr27
18,ICr28
9,ICr24
15,ICr25
9,FF10
6,JPa10
6,JPa12
3,Zk5
6,JPa14
6,BLe17
8,MWu10
13,JrS10
21,GSl10
6,HKo21
6,HKo24
6,HKo25
9,MoH10
15,HKo22
15,HKo23
9,BLe23
2,MAu10
9,FF40
6,BLe21
9,FF23
18,NOx20
26,HKo39
13,ICa27
21,GSl12
21,ICr40
6,JL5
26,HKo30
6,HKo36
6,ESP9
9,FF30
9,JrB10
6,NML1
6,NML2
9,StC12
6,HLa65
3,StC10
23,EJL10
6,BLv12
6,NML5
6,HLa60
9,MBg10
6,BLv10
21,HaM10
6,HKo43
15,HKo41
6,BLv15
21,HaM11
6,HLa75
3,StC20
9,JDo10
21,JN3
9,JN2
18,GRi10
9,JN7
9,JN9
23,StC30
6,BLe15
6,BLe12
26,FF50
21,PaH128
26,IBo35
9,AlF10
6,BLe10
6,BLe11
21,PaH124
21,PaH125
2,RgC15
21,PaH126
9,MKa10
21,PaH127
21,PaH120
21,PaH121
21,PaH122
21,PaH123
9,MKa15
3,DHL10
8,NBr17
9,xAx10
21,PaH117
21,PaH118
21,PaH119
2,RgC10
21,PaH113
21,PaH114
21,PaH115
21,PaH116
21,PaH110
21,PaH111
21,PaH112
13,HwM10
26,Z0310
21,NBr10
21,PaH106
21,PaH107
21,PaH108
21,PaH109
18,AnL13
9,AnL12
26,Z0320
9,AWj7
9,AWj5
8,SuF10
9,MLd10
9,JR1
26,DWG80
9,JR5
21,BMy14
18,FdC16
21,AKj21
6,JS1
21,AKj20
9,AbK15
21,AKj18
21,AKj17
21,AKj16
21,AKj15
21,AKj14
3,GPC10
21,AKj13
21,AKj12
21,AKj11
21,AKj19
6,RJR10
16,EmC10
18,NoT3
6,JT1
15,NoT5
6,JT3
21,AKj10
6,JT2
6,JT5
6,JT4
18,FdC23
6,xWi1
9,YOz15
6,GBS150
8,DvC10
9,ERz3
6,YOz10
9,ERz6
23,GPC29
9,YOz12
9,YOz11
9,HGC14
6,TrJ12
8,HGC19
6,TrJ14
27,HGC17
21,HGC16
9,GBS140
21,WoP22
6,GeQ10
8,WoP25
9,WoP24
9,CoW3
6,GBS144
9,YOz20
6,GBS145
9,CoW5
21,WoP20
9,YOz22
13,IHs10
9,VlM10
26,TrJ20
21,WoP18
21,WoP17
13,JmF25
13,JW2
13,WoP12
21,PGD11
6,GBS130
6,JW4
6,GBS132
15,RWi33
18,RHa9
6,SpJ13
3,RWi36
6,RHa8
18,RLG10
6,RHa5
13,FeF85
13,JW9
15,RWi31
9,RHa3
27,RHa4
9,MlW5
3,WH11
9,FDF10
21,AAm10
6,MRh10
15,RWi28
9,GBS120
13,RWi29
26,RWi24
6,LCs10
3,SGB90
9,WCr48
6,WCr49
13,Smi5
13,WCr46
13,Smi3
3,WH30
6,GBS110
13,WCr40
9,KV26
13,WCr44
23,GBS115
6,KV25
9,EMF10
6,KV24
13,WCr42
23,JaC15
13,WCr43
9,PiG40
9,KV27
23,JaC10
9,NyA10
9,MRy21
8,SMf10
8,WH38
9,GBS100
9,GBS102
9,GBS103
6,PiG50
18,MRy10
15,MRy19
6,CSe10
9,KV40
26,GMK17
9,GMK10
3,KV42
18,CSe15
23,IEn310
21,WiW9
9,TAn21
15,PeB2
15,PeB1
9,PeB4
21,RHd2
9,PeB3
3,ADT23
21,JuA102
21,JuA101
21,JuA104
21,JuA103
9,PeB6
15,JaC28
21,JuA100
13,FFC1
9,KV34
3,JaC25
6,FFC3
23,JaC23
9,KV38
21,FFC6
23,JaC20
2,MFe40
6,FFC9
9,TAn16
9,LiW8
9,LiW9
9,TAn12
8,CLz1
9,JlC14
27,PBa3
18,PLe12
27,PBa6
9,JlC16
21,PLe10
26,KV62
18,PLe17
23,KV61
9,JlC11
6,PLe16
18,KV60
18,PLe15
2,PBa1
26,HeK10
6,PBa8
2,AWw3
21,PWe10
6,PBa9
9,PSc1
13,MFe10
26,SLJ7
18,SLJ8
6,SLJ5
9,PLe21
6,SLJ3
9,KV50
6,SLJ4
6,SLJ1
6,KV55
15,KV54
9,KV59
9,KV58
23,KV56
8,RtL10
6,MFe25
9,PWe15
26,ToA10
13,EBy10
18,PeG6
8,RSn10
9,PeG4
21,ADv22
9,YRa10
8,WaG10
18,DLZ10
3,Z4101
3,Z4102
3,Z4103
26,Z4104
15,JS42
15,MOp22
9,MOp20
9,MOp21
9,OPa1
21,IML101
21,IML102
9,IDx10
21,IML100
23,ADT12
18,HoH12
15,HoH10
18,HKo6
18,HKo9
13,ADT18
9,GHl7
9,MOp12
27,MOp15
9,MOp16
9,MOp14
6,MOp19
15,Ftu23
21,Ftu25
15,SKo1
9,SKo2
27,EGU70
6,EBe5
6,EBe7
23,IEn300
9,JAT3
9,FRa10
3,IrK15
9,StF13
6,Z9030
9,StF12
27,StF10
9,AEy12
9,AEy18
9,StF17
18,JEu15
13,ICd10
9,AEy14
9,StF14
9,AEy16
9,GTr12
13,ShT10
9,StF23
21,VeZ10
9,StF20
3,SiW12
3,SiW13
13,EGU40
23,SiW10
9,INS10
26,JPd10
8,HKa12
3,SiW14
9,GHo10
13,StW10
9,DTa221
9,DTa222
6,VCy10
9,GvS11
18,DeR10
6,NiC30
8,DOR10
6,Z9060
6,EHG48
27,JEu20
6,EHG50
9,APy15
9,HKr30
6,RHo5
27,EGU30
9,TNu3
9,EHG38
9,EHG30
6,KuH29
13,KFr10
18,KRu37
6,KuH25
9,LTu10
27,EGU20
13,IBa10
9,JPd20
13,JDr10
9,LlH10
9,DTa220
9,EHG20
2,JqS10
3,IBa12
13,EGU17
13,DTa212
23,DTa210
25,EGU18
3,DTa211
18,EHG15
6,KuH10
26,KRu10
9,RPe20
9,JZa10
9,RPe22
9,FOz20
6,FOz22
21,JuA106
9,FOz25
21,JuA105
21,JuA107
21,FOz29
6,KRu22
6,KuH20
9,EvS1
13,LaH10
18,PBm2
18,KRu28
2,PBm1
9,EvS7
15,EvS6
6,IdB10
9,KRu25
6,IdB14
6,IdB12
6,IdB16
26,JqB28
6,RoN32
9,YOz75
9,DPo6
27,DPo7
9,LHa10
3,RoN30
6,LHa17
6,CBt10
9,LHa16
25,JqB38
13,PBo2
13,PeS3
21,PeS5
18,PBo3
18,JuD8
6,PBo6
26,CMt10
6,PBo5
18,JNo10
23,WvD33
9,WDT27
9,WvD34
21,JfB10
9,WvD36
6,JqB15
9,RyK10
9,LTu30
9,RyK12
18,WDT19
18,JqB18
21,BnG13
18,WvD49
8,WDT10
9,ElP30
21,JqB25
18,JqB22
6,JqB20
9,WvD50
6,WvD51
13,MaB30
15,WvD53
18,WvD54
18,WvD57
15,WvD58
6,BLw10
6,AKi40
13,WGi5
9,NKo15
6,WvD60
26,WvD64
9,MTo10
18,WvD65
13,MaB23
6,WvD67
18,CCw10
13,MaB21
6,WvD69
6,AKi30
8,HuJ10
6,AKi25
21,IrE1
13,AlG11
6,WvD70
13,MaB28
18,WvD72
9,RoN17
18,RoN16
21,WvD75
3,AnM37
6,JKw10
6,WvD76
23,AnM35
13,MaB12
23,AnM34
9,WvD79
21,MaB10
8,DGl10
6,BBi10
9,LuB20
13,MaB15
9,LuB21
9,LSP10
26,PSv8
18,EBu8
13,Z9020
9,JoM10
3,KOl10
9,RdN10
9,DPt2
9,JoM15
6,DPt6
8,JLi10
2,JuJ1
2,JuJ5
2,JuJ4
2,JuJ3
26,LuB15
21,PGg11
6,ChR60
9,RWF26
18,RWF27
2,BoL10
21,JNm64
9,TaH2
21,JNm63
21,JNm62
21,JNm61
18,HMD1
21,JNm60
9,TDe10
9,HuH20
9,ML30
6,TDe14
13,AJy20
15,TaH8
21,JNm69
21,JNm68
25,TDe18
13,RmF10
21,JNm67
9,TaH5
6,TDe19
21,JNm66
9,JBH10
21,JNm65
9,ML18
3,LHM1
15,ML12
18,RWF18
18,ML13
6,ChR50
9,RWF15
18,RWF16
18,SLa2
9,RWF10
15,SLa3
21,RWh50
2,JAx10
3,HuH15
9,BJq5
9,ElR10
9,AlZ25
6,ML21
9,GgE10
13,RlE5
9,FiC1
25,JBH30
18,NMv1
18,JWg10
9,ITu10
9,HFr20
6,RWF33
26,IrK2
6,IrK7
6,RaT16
8,KBu24
6,DvD10
21,HFr30
6,WeA10
21,RWh15
15,RWh10
3,RZe3
6,RZe1
16,GeP15
9,NMv8
13,KW10
6,ChR10
9,EAD10
16,GeP18
15,ChR13
8,KBu40
21,JaS10
21,JaS11
21,JaS12
21,JaS13
8,KBu45
16,GeP25
21,IrP1
18,FDG10
23,HFr50
9,FbM10
9,JAn1
9,GBl10
9,VF23
15,HPo10
9,VF25
8,KBu10
6,KeH10
6,GBl20
6,RWh20
9,VF19
8,KBu20
9,VF17
8,KBu22
27,JaS38
21,DaG10
3,VF41
15,AEG70
9,IrR6
9,ADw80
9,VF44
3,JaS40
6,HDl10
23,GeP40
9,VF46
2,JaS42
18,VF47
15,EBz60
9,VF48
3,FoB70
3,ADw78
9,LCa14
23,ADw75
3,VF31
9,LCa10
3,WaF25
15,AEG60
15,WaF20
15,JuT5
15,YSt10
15,YSt12
21,WaF15
3,VF33
26,GoM10
23,ADw70
9,JC10
9,Eti20
23,ADw72
3,VF36
9,JC11
9,VF37
18,VF38
26,VF39
18,PAu10
6,MiH10
6,WaF10
25,EBz46
26,PLu10
8,KBu50
6,JaS20
18,WaW20
9,AAn12
9,AAn10
21,EBi10
8,MRg10
9,WaW16
18,WaW15
6,WaW14
6,PAd14
6,EBz35
6,JTo15
18,PAd13
6,EBz30
6,WaW13
9,WaW10
2,LB2
9,PAd17
18,FWh5
9,LB6
9,ClM40
9,ADw40
21,JRu3
21,JRu1
21,JRu2
21,JRu5
6,RaT42
9,SyC10
6,RaT46
27,SLo2
23,Z6640
9,IsM14
18,ADw35
18,ClM30
13,FSt10
8,JuM10
6,RaT30
18,Z6650
13,NGr20
21,BGi21
21,BGi20
6,CLa80
6,FSt20
2,LCa22
6,FSt22
6,FSt24
16,AEG50
6,FSt26
6,FSt28
9,MPr25
9,AEG41
23,FSc10
15,NGr10
18,JaS65
9,FSc15
6,FSc18
18,JGi10
6,CLa95
9,PeK10
15,ADw52
6,FSt30
6,FSt32
6,FSt34
6,FSt36
21,IPi10
15,MPr11
6,FSt38
6,MPr10
9,AEG37
9,FSc20
18,LeB10
2,JAu8
9,FSc25
6,CLa90
2,JTM20
9,FSc29
6,FSt40
6,CLa65
6,FSt42
6,CLa60
6,FSt44
6,FSt46
6,FSt48
13,LeS80
18,EZo10
6,SoW1
8,FSc31
3,FSc34
3,ICt10
21,BGi10
6,CLa75
6,FSt50
9,DdP10
21,BGi14
6,CLa70
6,FSt52
21,BGi13
6,FSt54
21,BGi11
21,BGi18
6,FSt56
21,BGi17
8,BnG1
9,PaP10
21,BGi16
6,FSt58
21,BGi15
9,SRu10
23,LeS90
21,BGi19
9,ArJ10
2,QMa14
6,DAl10
21,SGu10
8,TaH30
3,HoG10
13,SSg20
9,QMa10
2,QMa12
3,ADw22
6,CLa40
6,FSt60
21,ACj114
9,BHl10
21,ACj115
6,FSt62
21,ACj116
21,ACj117
6,FSt64
21,ACj110
21,ACj111
6,FSt66
21,ACj112
21,ACj113
6,FSt68
21,DBo15
6,RDa22
18,ADw27
26,LHa1
21,DBo12
6,RDa25
6,RDa23
9,PaP19
6,LHa5
21,ACj118
21,ACj119
21,ACj125
6,FSt70
21,ACj126
8,SuH10
21,ACj127
6,FSt72
21,ACj128
21,ACj121
6,FSt74
21,ACj122
21,ACj123
21,ACj124
21,ACj120
3,RDa11
3,RDa10
3,ADw17
3,RDa14
3,RDa12
15,TaH15
9,PaP25
8,SRd10
9,ASa47
13,PLd10
26,DCr22
9,ASa49
13,DCr20
18,HAA10
9,HbR21
6,JFD10
9,ASa41
18,HAA15
9,HbR22
6,GvR10
26,WHa8
13,WHa1
2,DCr37
6,MMi21
9,ASa34
18,DCr35
6,ASa39
9,DCr30
6,GSn10
6,HbR10
18,ASa31
9,ASa30
18,MdJ10
15,HbR17
8,NtB10
21,CWr10
18,MCJ16
9,AuB10
18,MCJ12
26,MCJ14
15,CBd30
3,MCJ10
18,MBi10
6,LM2
6,WaF48
9,LM9
13,DCr18
21,DCr17
13,DCr14
6,MLH5
3,OSo10
6,WaF40
9,ASa51
3,FrL10
26,ASa50
9,HbR30
9,HbR31
25,HbR32
6,AFl10
6,HbR34
6,TyN10
9,xUc10
25,AkK9
21,DDu15
18,JqR25
9,DDu10
18,RdM20
9,JqR23
13,WCr22
9,JqR20
13,WCr20
9,AkK1
21,DS33
9,RdM18
16,DS36
6,DS38
13,BVS10
13,RCo70
18,MAD10
21,PCr8
18,JqA10
13,WCr15
3,ILn10
9,IoA10
8,VKo13
13,WCr19
13,WCr17
16,RdM10
26,CBd20
18,AII1
13,WCr10
21,HJL10
23,DS28
3,JPR25
23,SGB50
2,RCo60
15,BaS10
9,NNo3
21,NNo1
21,ARo10
3,ByH12
3,ByH10
18,RLi20
9,ASa29
18,ByH15
21,CNo1
15,JSe0
21,CBu10
8,AGo10
18,VAr10
6,YoT10
6,MMG10
9,SNz10
9,ASa14
9,RLi10
6,DS40
23,DS49
18,TuB10
21,JqR17
9,SCz10
26,CMu10
13,RCo27
9,HSh10
13,RCo26
6,RCo24
23,PTw9
9,MaA10
6,SFr43
8,ShB10
6,SFr42
9,JdL10
9,JdL12
2,PaP35
13,RCo30
18,AlH24
9,MM10
13,RCo34
13,RCo32
15,JoL10
13,JBk10
3,FeF12
8,PHz10
9,ShB20
9,WHj1
8,SRd30
18,AlH30
13,RCo23
23,SGB10
13,RCo48
13,RCo47
6,StE10
21,MM25
9,SFr60
13,JWy15
15,LuR10
13,JWy10
9,MM30
13,RCo38
13,RCo37
9,JqR50
2,JLy10
9,JqR55
26,JSh1
26,JSh2
9,SFr46
9,WHl8
26,JSh4
13,RCo41
13,RBl10
3,SGB30
9,JSh8
13,RCo43
6,JWH30
9,RSp10
9,GeS29
9,GeS27
6,GBo15
15,RaW60
25,RaW62
26,RaW63
2,TBs16
6,HPr10
18,RaW64
2,TBs14
2,AHo1
3,RaW66
2,TBs12
2,TBs10
6,RSp13
6,RSp16
6,RSp17
9,MLR7
9,MM37
9,MLR8
6,JWH20
3,JJu10
21,MM33
2,HPa10
25,MLR4
9,MLR6
18,UgF12
9,VSh25
9,UgF10
9,VSh27
15,HPr20
8,GeB10
27,MM41
15,RaW59
26,LHo2
9,IiS15
9,xDe10
6,TeW15
18,ElB10
15,IiS10
9,VSh10
6,TeW10
9,VSh15
18,IiS17
6,JWH50
21,KBg10
23,RaW80
18,RaW82
9,RaW85
9,RaW87
3,EuM10
9,SMe1
18,NKp40
6,JWH48
27,DRo10
13,RmF8
6,JWH40
9,xDv10
9,RaW72
15,RaW73
2,TBs28
9,GoP12
23,RaW75
23,RaW77
3,RaW78
3,WWn40
6,JWH75
6,RJe1
3,WWn35
6,JWH70
2,JJB15
9,JJB10
6,RaW20
9,AKl10
6,AMa60
23,WWn30
8,PDp10
6,EmE10
9,AMa50
23,JWH60
9,DSa10
6,IFo10
21,PlA101
21,PlA100
6,JD17
9,JHo24
18,CsS10
8,IEl10
6,ChS20
9,AnP18
13,JSo15
21,ChS24
6,GyM20
9,JHo20
9,RaW47
6,WHu7
18,GyM22
23,WWn12
21,GyM24
8,AHu1
23,WWn10
9,JD25
2,GyM26
13,JSo10
9,WoR25
6,JWH80
6,JSp1
6,ChS10
9,DHr10
9,DHr12
18,ChS13
21,JkS10
18,ScW13
15,JD12
21,PlA120
18,ScW10
6,GyM10
21,JD10
18,JD15
9,JD16
9,JD14
6,HeM30
9,LMa30
6,LMa24
6,LMa23
6,MZa10
23,Z5630
21,JHo40
18,AdB21
9,MA3
9,EKu10
9,MA2
6,MZa15
9,CFr10
18,MA5
9,MA4
21,MA6
9,MA8
21,HeM20
9,AMa10
2,CaB6
9,LMa40
26,BCo10
6,LMa35
9,CaB1
9,LMa37
6,GyM30
6,GyM33
8,LWo10
6,MB2
6,MB1
6,GyM35
6,MB4
6,MB3
6,MB6
23,RDu12
18,BoB4
9,RDu15
6,BoB1
27,MDr10
6,LMa10
9,LoS10
9,EMH10
9,CuH20
6,CRu10
2,JRl20
9,MC3
9,MC2
9,MC5
6,MC9
13,CRd10
9,MC8
9,OuS10
9,AoS10
18,JSt1
3,EdK15
9,LMa21
3,EdK10
2,JRl15
18,LMa18
21,ErD10
2,JRl10
13,CuH14
25,CTH10
2,TBs52
2,TBs50
9,ACu23
2,TBs48
2,TBs46
18,MF2
3,ELC200
15,MF6
9,MF5
2,TBs40
26,MF8
21,RFl100
9,MF9
21,RFl102
21,RFl101
21,RFl104
21,RFl103
9,MoF1
18,MZa35
23,FZ10
9,FZ11
3,FZ14
18,MZa30
9,MoF6
15,FZ13
6,CaG1
6,IBt24
9,FZ15
9,TdC10
6,IBt20
21,FZ19
9,JSx0
3,BGH26
21,INw30
21,MNo10
3,ViW10
18,MZa25
18,MZa23
3,WWn80
18,MZa20
21,INw32
21,INw31
21,INw33
18,WlD8
18,WlD7
6,IBt38
9,INw60
26,ADx20
23,MoH3
21,RSt100
21,RSt101
21,ME180
8,ADx25
18,WlD6
18,WlD5
6,HaR10
9,ReB10
18,PlB32
6,HaR14
9,ADx10
21,JSz3
9,ADx11
18,JSz4
9,ADx12
6,BLe8
9,ADx13
25,INw50
9,BLe6
6,BLe5
6,PSl10
9,OsM10
2,MLi10
9,BLe1
9,ADx14
9,FZ20
9,DuN2
21,RoP15
6,VCH10
9,ADx45
26,StH30
21,ACu15
9,RoP10
9,THu25
13,MWz10
21,RSt117
21,RSt118
18,PRz15
21,RSt113
21,RSt114
21,RSt115
21,RSt116
23,THu30
6,GJu1
6,HaR18
9,AlH8
23,IMR10
9,ADx30
21,RSt110
21,RSt111
21,RSt112
9,LaJ13
18,ADx37
15,ADx39
21,RSt106
21,RSt107
21,RSt108
21,RSt109
21,RSt102
21,RSt103
6,ML6
21,RSt104
9,PRz22
21,RSt105
15,ML9
8,MLz10
6,HaR28
13,FHe30
13,FHe31
6,HaR25
26,JqD28
9,OuS20
23,StH18
9,StH15
15,StH13
9,PaS10
9,YRu10
18,NeJ29
9,THu13
3,StH20
9,THu10
2,JeA10
15,PaB10
26,CyC10
21,NeJ22
9,NeJ20
6,AlJ1
9,StH23
6,MN2
6,TSu10
6,MN6
9,MN8
9,THu20
13,FHe10
9,PUs5
6,NeJ16
6,PUs4
9,NeJ10
9,NeJ14
18,PUs6
6,JCa7
6,NeJ15
3,InA30
26,JCa4
6,JCa9
3,InA28
23,PlB12
9,OuS6
18,AlL3
9,OuS5
16,MP2
18,AlL2
21,MP6
9,MP8
6,HIL25
6,JeR10
6,JqD22
18,DCb10
9,PlB20
9,RAl69
6,CaR1
21,RAl70
9,RAl71
23,RAl74
26,SMi10
18,PhG10
9,TZz10
6,RAl72
18,DDe10
15,RAl73
6,DdV2
13,WWo10
13,ELC195
26,MkR10
6,RAl76
9,DdV4
13,DCs12
13,DCs10
9,MR4
6,MR3
9,MR7
23,MR9
26,CoF10
9,LiA10
6,CaR7
6,RAl68
6,CaR5
26,CBe10
9,MS0
9,MS3
9,MS5
6,BmF10
9,CMe10
6,MS4
15,MS7
6,JTg4
27,RAl93
26,RAl90
6,JTg7
3,JTg5
27,RAl95
6,RAl98
6,MLm5
6,MLm1
2,SLw10
9,JoO10
13,PDu3
26,Ble19
18,SMi21
26,RAl88
3,Z9220
13,MN25
6,MN27
6,MN28
9,NOs2
9,NOs3
9,MN22
9,AvW12
8,SCl10
21,ATe10
9,AvW10
25,VME35
18,RLl21
13,TiB20
6,GNs15
2,Z9230
9,MN15
21,RoP22
9,MN11
2,RoP20
13,RoP27
21,ESk10
18,RLl15
9,RLl13
26,AlR1
6,VME40
9,RLl10
21,RAl20
9,MN20
2,MoT1
21,RAl21
9,Z9250
9,JCi3
6,JnL10
6,ChR80
9,JCi5
6,JnL15
23,VME18
6,JnL18
6,JnL12
6,VME15
3,VME14
9,AJP7
6,VME13
6,JnL13
18,AJP5
18,VME11
26,AJP3
2,IGs10
9,GLC3
21,AJP1
6,GLC2
21,AJP2
9,GLC4
13,RLB9
9,GLC7
9,GLC6
18,GLC9
6,RAl56
9,LiA20
26,RyM10
9,RAl55
26,TiB14
9,ATe22
21,ATe20
6,VME20
6,PEt10
9,LiA30
18,WmK18
9,WmK14
3,MLt5
15,WmK15
6,ISt10
15,WmK16
9,ISt11
15,LPi10
18,GfD11
27,JKf10
21,JLG11
6,GfD10
2,CBx10
18,JLG16
18,JLG14
18,RTr10
9,MZ1
9,DAz6
6,DAz5
13,SNe8
6,FcA10
13,SNe3
15,MRz10
26,GKc4
9,JTl9
24,LPi20
6,SmS10
8,UEd10
23,ISt38
6,ISt31
3,ISt33
18,AZu5
9,ISt30
3,JTo3
9,AK59
8,JTo7
6,RHo20
6,JTo5
9,AK50
21,JCn3
18,TBr10
15,RkB10
9,JCn1
26,TNu10
13,LFl30
9,KBw10
26,ISt24
6,PeM10
9,ISt26
23,ISt20
3,RTa15
9,PeM15
15,GKe2
15,GKe1
6,JLG21
18,JLG22
9,GKe6
15,GKe8
6,GKe7
23,GKe9
6,RHo14
18,RHo17
6,ViS5
18,RHo10
9,JLG25
15,JLG55
6,JLG52
8,OYa10
9,JLG50
18,SMg10
13,HrR12
16,JCn6
18,PhD2
8,DuC10
18,RbH10
15,PhD9
23,ISt40
13,ISR10
18,PhD5
13,HrR10
9,JVD10
18,JLG45
9,JLG40
21,GeA30
13,KFr1
3,AlZ5
9,YOz7
3,AlZ4
9,YOz9
9,YOz8
6,PPr20
21,Spo8
6,MiJ12
13,SpK10
18,IS20
2,JJA20
18,IS25
9,JJA10
6,AK96
25,LFl70
6,ChC30
26,AK90
9,MSJ10
13,FMe12
9,ChC15
13,FMe10
6,IS11
18,IS10
13,IS16
13,ISR30
23,FBe11
18,NlM10
9,JLG63
26,JLG61
9,PLf10
13,PMG10
6,DvF10
6,NPa3
15,Z5510
13,IB30
6,WGo10
6,WSa10
13,xNa10
15,Z5512
21,AMs50
6,ChC11
21,JSn10
18,ChC12
21,IB19
18,xCa10
26,JJA25
9,IB20
3,JfW5
9,IB21
27,IB22
21,JHL17
6,PhK7
9,WKH60
6,PhK4
15,HeL33
6,HoZ18
6,HoZ10
9,SP35
6,HoZ12
9,WKH50
6,AAN14
9,TB34
13,HAv10
3,Z4215
2,PVh9
26,HeL23
13,TB35
16,NF1
9,DvJ1
16,NF3
9,DvJ2
3,Z4210
6,WKH52
9,DvJ4
16,NF4
16,NF7
9,DvJ6
16,NF6
6,NF9
13,PeM20
9,SP49
3,ToS21
21,SP47
13,TB67
21,ToS25
21,ToS23
9,HLv10
21,ToS29
13,TB60
9,PBi10
9,RGl10
3,Z4222
18,TLo10
3,Z4225
9,WKH45
16,VGu34
9,WKH44
6,SP57
3,Z4220
9,VGu36
9,SP55
9,WKH40
3,BrW13
21,BrW100
21,BrW101
3,RHo29
13,TB55
6,WlH10
21,RHo31
25,HoZ21
3,Z4230
6,SP46
26,RHo36
9,WKH35
18,RM13
21,IrL10
9,WKH30
15,RM10
6,RHo35
6,HoZ23
3,SP40
6,RHo34
6,HoZ24
6,HMF20
9,DeM1
18,AJa1
9,DeM4
9,HWe10
6,DeM8
6,WmK30
9,WmK31
18,EAy10
3,Z4240
9,UEd25
9,UEd20
3,ArL60
9,SP75
3,ArL61
9,WKH20
13,TB70
9,TMa10
6,HMF30
9,WmK25
18,WmK27
18,WmK28
6,ToS12
9,FiC11
9,TMa11
18,AMs25
26,FiC20
21,SP67
23,NJ5
13,SP68
9,WKH14
6,VGu25
23,SaP13
9,SP65
6,NJ7
6,HMF22
16,NJ8
9,WKH10
6,HMF25
26,SP61
9,JPe10
26,ACv10
21,ArL39
23,DeD77
23,DeD83
23,DeD80
3,ArL48
3,ArL49
23,DeD67
23,DeD65
23,DeD70
3,ArL56
3,ArL58
3,JrF10
3,ArL50
2,StG10
18,EG23
9,EG25
9,EG27
15,EG28
9,LJe1
16,MBk10
8,ANe10
18,DeD60
21,DTa106
23,DeD62
21,DTa104
6,DvS3
23,DeD61
13,ArL22
21,DTa105
13,EWS4
21,DTa102
21,DTa103
21,DTa100
9,ArL26
21,DTa101
9,KSh10
9,KTI10
9,EG10
9,EG11
9,ClO10
9,EG17
9,EG18
6,ArL28
6,ArL29
21,DeD42
23,DeD50
13,ArL36
9,JgW10
18,RBn10
26,APk10
3,JCp15
9,FrN11
8,DeD30
9,RFG35
6,RFG30
9,WKH1
9,NMv10
18,MVe10
9,JVD5
6,RFG25
9,SiG10
6,RFG20
6,RFG22
6,DBo6
6,RFG27
9,NR11
27,NR14
13,GFj15
23,NR10
26,NR19
21,CR18
21,CR17
9,CR16
8,CR15
3,CR14
18,CR12
21,CR10
9,Z6940
6,NCh10
18,RFG40
9,NR1
9,NR2
21,NR5
6,AmN1
9,NR4
27,NR7
18,RFG41
15,Z5620
23,NR8
13,JqT14
3,IRa4
3,SRf10
21,IRa5
21,BaD29
18,MaC10
6,MaC11
6,BaD26
23,JDe5
9,MaT25
6,BaD22
6,JDe3
9,MaT27
21,JDe8
9,LIC30
9,RoA7
9,RoA4
25,RoA5
23,SeL20
26,MaC15
6,MaC12
9,DBr5
23,SeL26
23,SeL28
21,BaD39
9,NR20
9,JBm10
21,BaD35
26,HaB3
9,HaB1
9,HaB7
9,HaB5
21,HaB9
21,ALv100
21,ALv101
23,SeL30
8,LuC10
3,ASR15
3,SGB110
2,LIC10
25,MaT10
16,ASR40
21,BaD13
9,BJR10
9,LIC20
9,HHH10
6,MSm10
21,CCG15
3,GOu20
9,DSy1
6,PGy10
9,CCG10
6,MSm17
23,PGy16
18,CBw38
9,AL12
26,CBw37
9,AL13
18,CBw36
18,AL10
6,CBw35
6,AL11
26,CBw33
6,CBw32
9,ERz20
26,CBw31
6,CBw30
8,NKp30
9,ERz21
21,Z9110
9,GOu35
9,CCG24
9,ERz19
9,ERz18
9,ESl30
9,AL27
26,AL26
27,HrH1
18,CBw48
21,AL21
9,AL22
9,CBw45
18,GLa2
9,CBw43
9,CBw42
18,NKp22
9,Z9120
9,ERz10
18,IdL3
6,JWH10
9,IdL1
9,IdL2
27,DBy4
9,DBy2
21,PtZ10
9,DBy1
21,FWa10
18,DTa150
18,CBw18
9,CBw17
6,IHu22
9,CBw15
2,NcC10
9,CBw12
9,EGz10
9,NKp12
8,NKp10
18,IHu25
2,MlC10
8,RoF1
9,ESl10
16,GeS15
18,CBw19
6,AJG50
13,IvY10
18,IHu12
18,CBw28
6,IHu11
15,CBw27
25,MaT40
9,CBw22
6,IHu18
6,IHu15
18,WHu17
2,DDy10
9,RRo20
18,WHu14
18,SlB10
15,JW11
26,WHu10
9,VtH23
6,PWz10
9,HCn10
9,RuB10
6,LeG18
6,LeG14
6,LeG16
6,LeG10
6,LeG12
9,VtH10
9,AHv10
18,RRo12
9,RRo18
18,RRo16
6,ViH20
9,TKo15
18,PLi10
18,MFi18
21,MFi15
21,MFi10
25,NkM10
23,IEn10
9,CBy10
8,AGs10
18,FZe2
6,FZe1
8,RoJ1
26,FZe3
18,FZe6
6,SwS10
15,FZe7
15,JHq10
9,ASe10
9,MFi20
9,KMz75
18,KMz70
13,RtP10
2,STo10
6,MtM10
8,VFu10
13,RLi6
6,ECn168
8,RoM2
6,ECn169
3,PCo17
8,RoM3
8,RoM1
9,TRo1
6,TYg21
3,TYg20
9,TYg25
18,PWe2
18,PWe4
6,RSr10
26,IGA50
18,PWe6
23,FMD20
21,KaA10
9,VGg10
23,AVL10
23,AVL11
23,IEn20
21,TYg40
6,FMD10
9,FlM1
6,LeG24
21,FlM3
6,LeG20
13,LeG23
6,LeG22
26,IGA70
13,RoP2
6,HaR1
9,Z9410
6,ECn177
3,TYg18
3,TYg17
26,RoN5
6,RoN3
3,AVL35
21,CrR10
3,AVL30
9,SyH10
2,TYg12
2,IDk10
13,LeG36
9,RoN9
6,ISR5
9,RHa10
6,LeG33
9,SaP6
23,SaP4
23,SaP2
21,SGi30
9,TRs8
9,MBn10
9,Z3210
9,RoR1
26,RoR2
13,RoP9
9,RoP7
16,RoP8
13,RoP5
9,RoP6
6,RoP4
3,IDk30
9,WiB25
21,SRi18
13,JsL10
2,IDk32
6,SRi10
3,RFl75
21,DSc10
9,TRs4
9,TRs3
9,TRs1
18,DSt10
3,RoS6
23,IEn90
9,TTz11
3,TTz10
16,ChD10
6,AnB5
26,BeR12
9,RoR8
26,RoR5
18,RoR6
6,SaT5
6,SaT4
6,SaT9
6,SaT8
6,SaT6
26,RoS3
26,HLF10
2,TTz20
9,BeR10
6,AKa5
26,BrG20
9,VrS24
9,VrS25
9,GHb10
21,BrG28
8,LKa1
26,BrG25
26,xBa10
9,VrS28
6,TAv1
18,RoV7
18,RoV5
9,RoV3
2,RoV1
9,RoV2
21,DTw10
6,AMc15
9,EWi10
13,RhM10
21,WGr10
18,AMc10
18,IBe10
9,RFl30
9,IAv4
6,IBe16
9,IAv7
9,RFl33
8,MdO30
6,GLt2
9,JDe28
15,JDe27
9,TKo19
18,SvP10
25,HaC10
18,GuC10
9,PY11
21,PY10
3,ILb10
6,JDe20
9,IMT24
26,JDe25
13,JDe23
21,IMT29
3,CSG10
8,JDe19
13,BrG10
9,WHu27
9,RhM30
2,ILs10
3,RhM37
26,MAk10
21,BRf395
21,RhM34
9,xMa10
9,JDe10
8,MdO10
18,JDe15
9,JDe12
6,AKe5
9,JqF25
9,OrL10
25,PY37
15,AKe1
23,JOC10
9,PY38
15,ThR10
18,PY32
9,RdR40
13,CSi10
9,PY34
21,JDe40
9,RdR37
16,LHe10
9,MdO81
9,JqF30
9,MdO87
9,MdO85
18,JeC10
18,LGs10
2,ILb12
21,PY25
21,JeC14
6,TGA20
21,RdR32
6,TGA22
6,RdR30
15,RLn10
21,JDe32
9,MdO70
6,JqF40
9,MdO75
26,JDe36
9,JDe35
15,RdR63
6,CJo50
26,UlG10
15,RdR56
15,HHm10
9,RoA32
8,MdO60
26,MVh10
8,MdO62
21,PWr2
8,ECo20
9,PWr8
9,AnL5
15,RdR53
9,PWr4
15,RdR54
16,PWr3
9,PWr6
15,RdR52
9,UlG22
9,PWr5
3,RdR46
13,RoA25
9,RdR44
15,RdR48
27,OP8
3,RoA26
6,AKi7
13,TSa1
6,AKi1
9,AOz10
6,CJo30
18,MkT10
16,RMq10
2,SPt10
9,ADz10
18,ClP10
6,DLo10
3,DLo13
9,ADz15
6,CJo40
13,EGU1
13,DCs1
9,RoR10
9,CyE40
9,C109
3,C106
3,C104
21,DMa20
9,DMa21
16,LHe30
13,DoS12
9,CB18
9,CB15
18,JqF50
9,CB14
26,FGd10
23,C119
26,C118
18,C117
9,AnP7
9,C115
15,RdR10
9,JoQ10
6,IBa7
18,C113
3,C112
15,IBa9
6,CJo20
18,DMa10
15,MlW10
21,DMa13
16,DMa12
9,EDr10
15,MP25
9,MvC30
6,CLB10
15,C126
21,DBr10
21,C124
23,C122
18,C120
15,MP15
15,CLB20
3,CyE10
18,MP11
18,MP17
9,C136
26,C135
15,MP19
9,C134
21,C131
18,LM11
9,LM10
9,LM17
21,RaI50
18,APl10
15,LM15
9,OW1
21,RaI55
26,OW3
26,MvC10
9,OW2
26,OW5
9,AM18
9,OW4
6,MSp10
9,AM15
9,OW7
18,C146
15,AM16
9,OW6
27,OW9
9,OW8
3,C143
26,AnS3
26,C142
26,AnS1
9,C140
3,IGu18
6,SKe10
9,LM20
3,IGu15
9,GCS10
21,MP35
9,CVr10
13,AtB11
15,IBe4
9,AnT9
15,C157
9,AM27
9,AnT4
3,AM23
9,AnT2
9,AM21
9,TBe1
8,KLg10
21,JaH16
21,RdR80
9,RoA57
9,JVm4
15,C165
21,IGu31
15,AM31
9,JVm7
15,C161
6,C160
9,Phk40
6,DDg13
26,DDg10
9,IRu10
9,LM22
9,LM26
9,LM25
9,CAd10
9,LM29
26,RdR70
21,RdR76
15,RdR68
3,IGu21
6,RdR66
23,RoA45
3,C171
26,BNu1
3,IGu29
9,RoA48
8,FxB10
3,WMc10
3,ThA10
18,RMe5
9,RdR90
21,HCo10
6,RoA70
25,JyR2
3,JaH22
6,RoA68
3,IFr12
6,JTu10
25,JyR4
6,RoA64
9,JTu14
9,ASS10
9,IFr14
9,NHy17
6,IvR4
9,ISn3
9,ISn1
8,RMg5
9,JWR7
18,HrC10
6,IvR6
3,JWR9
9,AuG10
23,CDM64
3,CDM68
6,MiL20
6,ASf10
9,UrG10
21,Leh21
21,Leh20
6,IGs20
9,MiL29
18,MiL28
18,CDM78
6,MiL22
18,MiL24
3,RiO15
18,GLm10
9,RMi8
13,PLy10
27,JJC10
18,CDM40
26,BVi20
6,MiL17
18,IBo4
6,MiL12
3,IBo5
6,MiL11
6,MiL14
9,CDM59
13,MSL10
21,PLy15
9,KoI10
9,MdO105
9,KHt1
9,CDM55
6,CLa135
15,GnN15
15,GnN14
9,MdO111
9,MdO115
26,WKl35
18,BKi10
15,HbR1
9,CDM22
6,HbR6
13,GnN10
6,HbR4
16,HbR5
9,MPe10
18,BKi12
21,JHp10
6,EHo10
6,CLa120
6,CLa121
6,CLa125
8,WKl19
9,BKi19
6,CLa127
18,MdO121
23,FKr20
6,DEl10
23,CDM32
8,WKl20
9,BVi12
6,FLd37
6,FLd35
21,TMt10
6,CLa150
9,SR25
13,PGg1
6,FLd30
13,MaB1
21,AlM10
9,AbP50
13,PGg9
23,FKr17
23,FKr15
8,WKl17
27,MrD1
27,MrD2
9,SR30
9,TSt1
6,FLd27
21,BdP32
6,FLd25
9,CDM15
9,CDM17
6,FLd20
16,HbR8
9,CDM18
9,HbR9
9,CDM19
9,SR15
23,RMl1
6,SPo2
9,CPa50
18,FLd18
9,SR20
6,FLd15
25,WWo20
21,BdP13
13,BdP14
9,BdP15
6,FLd10
2,BdP17
25,BdP18
9,SR45
13,HoK10
9,IPK10
6,HoK12
9,NRe6
15,DRa10
9,SR55
9,SR50
15,BdP10
21,BdP11
13,BdP12
13,BdP25
18,MaC4
9,BdP26
9,SR39
9,SR36
9,SR37
18,MaC1
8,CrS10
6,HBH15
9,SR35
2,TBs4
2,TBs2
18,MaC8
26,HWx17
26,HWx16
2,TBs8
9,SGy12
26,HWx11
2,TBs6
9,SGy10
6,HBH10
9,SR40
9,BdP21
9,BdP23
15,AnS33
9,BYa10
6,HBH25
9,FL14
21,FL16
9,FL19
9,PlT10
23,CEa10
9,AbP10
26,ChV45
18,ChV46
6,AnB20
15,HWx22
9,TJk10
15,HWx21
3,LLa5
6,HBH20
2,AnB26
9,DSu20
15,HBH35
8,BMo10
21,NuJ1
13,HKu10
9,CEa20
21,CEa21
21,CEa22
26,CEa12
18,NuJ7
18,NRe10
9,MrF10
26,CEa14
26,ChV35
9,AxP10
9,NuJ4
23,CEa16
23,BBo27
6,NuJ3
25,CEa17
9,NuJ6
18,CEa18
21,CEa19
9,SR65
21,HBH31
21,RMq5
9,PJ7
9,SR60
6,RiO30
3,FL30
9,FL35
21,FL37
21,ChV20
26,FMx10
6,JiA5
8,CFd10
6,JiA9
9,HWx45
9,ChV26
6,JiA7
9,PK3
6,HBH45
13,PK5
26,PK7
23,LaK18
6,LaK13
27,LaK14
27,LaK15
23,FL23
3,LaK16
21,FL24
6,GSr10
21,FL27
21,FL28
9,FL29
6,RiO25
9,SR80
6,AnB10
6,ChV13
6,LMC9
26,ChV15
9,HWx55
21,HWx54
15,LMC6
18,ALe7
3,HBH68
13,AVo10
6,RiO50
9,IMd12
21,ME240
15,IMd17
3,AKo10
6,PM2
6,PM3
9,PM6
9,HWx60
6,HBH60
9,PM9
3,AKo15
3,SHk10
6,JDu10
6,SHk15
9,GMu9
13,IBd10
3,HBH70
6,BCr10
9,IMd10
9,GuS12
3,IMu22
9,HBH75
9,GuS10
9,RMu6
8,BaK1
9,RMu7
3,HBH72
26,RMu5
21,GMx5
9,IMS20
9,TRb10
13,GRo15
27,MLH10
13,GRo12
9,FrP10
9,HaB15
16,LoK3
26,TRb16
25,BDu10
13,TRs32
18,BaL9
6,LoK9
13,ILa10
21,IB103
18,MnK20
18,BaL4
21,IB102
9,IMS25
21,IB101
21,IB100
15,BaL1
21,IB107
21,IB106
21,IB105
21,IB104
21,PGr5
9,ABu10
9,OW10
9,OW11
13,GRo20
16,HBH90
9,RMw3
23,JZu15
3,JeS10
18,JZu10
15,AAr10
9,IMS40
8,GGM10
21,GFl10
6,BsK16
9,LoM6
9,InB13
9,HaB35
9,InB12
13,GRo35
9,InB11
6,LaK23
9,LoM2
3,CTK12
13,GRo30
9,TRs12
9,StB5
6,ILa31
9,StB3
6,ILa32
21,JDB10
9,StB2
6,ILa33
13,ILa34
9,JWe3
9,TRs18
3,JDB11
25,JWe1
21,KFu10
21,JDB12
25,JWe6
2,IWa20
9,TRs17
6,TRs15
21,IB109
21,IB108
18,IMS30
9,HaB20
6,BsK27
9,HaB24
6,BsK26
6,BsK25
6,ILa15
6,BsK24
6,BsK23
9,HaB28
6,BsK22
9,HaB27
6,BsK21
9,TRs23
3,TRs22
21,IB110
6,BsK19
6,MzN10
26,IMS35
21,IB113
21,IB112
21,IB111
2,IWa14
26,TRs28
2,IWa10
15,NT31
18,PaC24
9,IMS60
15,NT32
6,ACx10
27,IWa40
3,NT30
9,InB35
9,InB33
9,InB32
9,InB31
18,BrR5
15,NT36
13,RZe25
6,PS2
6,PS4
18,BrR1
6,ILa50
6,PS5
9,InB29
15,StD7
6,PS8
9,InB28
9,KDo10
6,PS7
18,InB27
15,StD4
6,ILa55
9,InB25
3,NT20
6,IMS50
6,RZe19
9,InB22
6,LiS10
9,InB21
6,ILa38
9,PlT40
23,RZe14
9,LuV20
13,RZe17
6,GPi10
6,ILa40
9,InB18
21,ICa8
9,InB14
6,IWa30
8,SgT10
9,CC43
9,NT55
9,MOp4
6,NT50
9,StF4
9,StF3
26,PlT50
6,GPi13
18,StF5
21,RMp13
6,CC52
15,NT44
6,NT45
6,CC50
9,NT40
18,MLH20
9,InB41
15,ILa62
9,InB37
6,MJu10
26,NT75
21,JoP40
6,CC62
6,LoS2
9,LoS3
9,RaH10
21,StH5
6,NLB11
13,StH3
21,JoP43
13,MSo10
21,JoP44
9,RaH15
9,NLB10
21,JoP41
21,JoP42
26,AN10
3,JoP50
6,CC75
9,LuV60
9,CC73
9,CC72
8,NT60
9,CC70
26,LuV68
18,BrW5
6,MvS12
6,MvS10
15,NT70
25,Z9320
9,CC68
6,CC66
2,IlM10
9,xFl10
18,NT94
9,ScH13
15,NT95
26,JVi11
9,CC80
6,CLa110
26,JoP25
15,ScH10
15,PY1
25,PY4
3,EPe10
6,CLa114
6,CLa115
9,LuV50
6,CLa117
18,JoP20
25,PY7
9,GCt27
6,OzS10
18,JoP28
6,BSp10
3,MkS10
6,CC78
9,GCt20
6,TCh2
6,TCh1
6,CLa100
15,BSp12
9,LuV40
9,IHw10
3,PCo13
21,PCo12
8,NT92
21,PCo11
8,PCo10
9,Z9340
6,Z9350
9,LoW5
9,RNe1
9,RNe2
6,MiM10
26,MiM13
9,Z9360
21,HAG1
18,JVi23
9,JVi21
27,StK7
9,StK6
9,StK4
21,StK3
21,StK2
9,LoW3
6,GCt50
8,ARs10
9,KMz55
9,KMz57
8,ALu6
6,ALu5
8,ALu2
8,ALu3
9,PhH10
6,LuV80
8,DDW10
9,JSb27
9,JSb20
9,GNj1
18,ARu20
26,AiE10
9,MCs10
9,JSb10
9,JSb13
18,ARu10
21,LBe10
18,StR5
9,SS02
2,PVh19
3,SS01
15,LoW11
8,WWn300
2,StS1
21,LCh45
9,LBe15
13,JFr8
9,LBe21
9,JSb30
26,LMe10
9,SvA10
26,Z9620
9,AkK26
9,AkK25
8,SS26
9,DWG7
9,DWG8
21,AkK22
9,DWG9
6,AkK21
9,AkK23
9,SlD10
6,AkK29
9,BbB3
13,RiR10
9,ICs4
9,GaK20
9,ICs1
18,Z9630
9,AkK30
9,ICs7
26,ToG22
3,SS18
9,SS13
26,StS5
26,StS2
3,SS19
6,Z9645
9,ICr2
23,ICr6
9,ICr7
9,ICr4
23,LMC12
6,LMC15
18,LMC16
9,HWY10
9,LMC14
15,LMC19
3,Z9655
26,IMx10
6,Z9650
18,Lob9
3,AkK14
9,ICs9
21,ToG15
9,AkK13
8,SS33
9,AkK12
9,SS34
15,GP13
6,WlM10
8,GP14
18,LMC23
18,MPa3
6,MPa4
6,AkK20
9,MPa7
8,CSe6
18,FM10
6,El13
26,JOx10
6,El15
25,LMa2
6,HB60
18,LMa5
6,LMa4
9,Ph4
6,PSp12
9,PSp10
9,StW9
9,RNe15
18,StW7
9,CCG8
15,SPv10
9,CCG7
3,KuN36
8,CCG4
3,KuN33
9,GGr18
21,CCG3
21,CCG1
3,KuN30
6,PSp14
13,CSi6
6,GuE10
6,El35
9,FrS10
9,JCu10
21,TTz9
9,HB86
6,JPH10
16,TTz8
27,TTz6
3,TTz4
9,TTz2
13,WMa3
6,BsK6
15,HJS10
13,WMa1
13,WMa2
13,KuN14
9,MPe5
9,StZ5
26,StZ1
6,PlW10
26,GiB10
6,DuW10
8,PaW10
9,PaW14
9,ChF10
13,DHe10
6,PaF10
6,ILd10
6,RDh10
21,HB95
18,TSy12
9,PJ12
6,TSy10
9,AnT12
9,KuN46
9,KuN45
6,KuN42
6,ChW25
3,KuN40
23,KuN49
9,RCv10
15,RDW10
18,JBr10
18,ChW16
8,BbM5
15,ChW18
21,RWN26
8,HJB50
21,RWN28
15,PhK11
21,RWN24
13,LFr10
21,RWN20
21,YvR6
2,Z4815
21,DVs1
3,PHt1
21,JoS27
13,AMe10
13,RWN15
21,RWN10
9,ThC40
9,ABe10
18,YvR3
18,xHu10
2,JBa10
13,CD20
15,JLo27
21,RWN44
18,JLo25
21,RWN46
18,Z54105
18,KDr10
13,GrB4
18,KDr15
21,RWN36
21,RWN38
21,HuC7
25,JLo17
21,RWN34
6,TgD1
15,CSr8
9,JoS12
9,JGd2
21,RWN30
9,JMa30
9,JoS13
3,CD29
6,WBe15
13,JMP10
21,JLo11
6,CD22
9,MR21
18,ACy32
9,ISz10
6,IvM10
9,JLM16
9,JLM17
9,ACy38
26,MR29
13,SSC1
18,ACy34
18,MR25
15,JLM14
9,JLM12
6,MHa10
18,JLM13
9,JLM10
25,JLM11
3,ACy20
21,MR11
23,MR12
26,RoT20
18,ACy22
9,MR13
18,CGy10
9,MR19
18,ACy29
18,MGo10
8,MR14
9,MR15
18,ACy26
18,MR17
26,SRa5
15,MSa12
9,GrC1
9,JLo30
6,PHw8
9,HuF8
15,MSa10
9,CBt3
9,MPr4
9,MPr6
8,SuH2
8,SuH1
9,ShI50
18,MSr10
9,ShI52
9,AMv10
6,KCo20
8,LGB10
9,LFa10
3,GPC5
9,SdG1
9,CGl115
18,MR34
26,MR30
3,PHy6
21,JLM20
6,CaR22
21,JHL6
6,CaR24
6,CaR20
6,Z9676
15,RGr10
25,BuR25
6,PBo11
21,CBu8
13,SlV10
21,CBu6
13,ToH14
16,WlN10
6,CaR38
16,WlN12
8,PBo15
6,CaR35
6,CaR30
6,CaR31
18,DdD10
18,PMo19
6,KKw10
18,PMo17
6,Z9689
2,PMo12
6,Z9688
8,HuJ5
6,Z9685
18,PBo22
2,PMo15
6,PBo20
6,Z9691
27,ACy10
18,ACy16
9,ACy14
9,RiS10
3,FMD3
9,RaH7
2,PMo22
9,Z9696
2,PMo27
18,CBw9
9,MiP10
6,PMo24
8,RGr30
18,Z9693
6,CaR15
21,PlB2
6,PAl14
6,PAl12
13,RSS10
6,PAl10
9,MDw10
18,MPi23
25,MPi20
9,PrH10
9,PrH11
9,PrH12
2,IDk3
9,GnA10
2,IDk6
9,GnA13
13,SRi8
13,SRi9
13,SRi6
9,xGa10
13,SRi5
13,SRi2
13,SRi3
6,RaK15
6,FLd5
6,LMf10
6,FLd7
6,GyR10
18,IgR5
15,IgR14
23,IgR19
6,IgR15
25,HDc50
6,HLaD55
18,HBn25
6,GaK4
26,RA2
6,IPq10
9,GaK6
9,RA3
26,RA5
15,RA8
6,PCa10
6,LeJ10
18,GrM1
6,LeJ12
9,RaK3
2,Z4810
8,AMx5
18,RaK8
9,IgR2
2,RaK7
15,RaK5
21,IFa25
23,JGs6
6,RiQ30
15,JHr20
6,RiQ35
15,HRo2
26,GOl1
9,IFa28
3,HRo5
2,DCh25
9,IsS10
25,GnP10
9,IsS11
8,RiQ29
3,AMy3
2,SRm5
9,JGr5
23,IF15
13,SRm1
6,IGB10
15,JHr10
15,RC9
26,IFa18
26,JuS10
6,RiQ23
6,LMy3
6,AMz5
9,LMy1
6,BtB3
16,AMz1
15,AES100
9,EPy10
25,IGB45
9,IFa45
8,BTv16
13,RD4
6,IGB40
9,JGo10
9,RD9
9,HBl10
26,CMk50
6,CWh10
3,GrR1
3,GrR4
18,GrR3
15,GrR6
6,GrR5
15,GrR7
9,AC5
6,IGB50
9,IFa50
13,WTh23
23,IFa34
3,BTv27
8,BTv26
3,WTh19
21,SRo4
25,BTv29
3,WTh18
21,SRo5
21,SRo2
15,JHr30
21,SRo3
6,HBl20
9,IFa32
21,SRo1
9,BTv22
9,BTv24
21,LeH10
2,DCh15
21,IFr52
3,WTh10
23,IF43
21,LM100
15,RrS5
2,PlM1
9,ElN2
15,ElN5
6,ElN7
8,IrP24
21,ElN8
3,LLa10
27,DDk10
21,IrP27
6,IF75
6,SlT10
18,BRB7
9,Z9510
9,IF78
9,IF76
9,BRB3
18,IrP21
21,PlL1
21,PlL2
8,CMk40
21,WTy10
9,FLl4
9,ASh10
9,FLl7
3,IrP15
18,IrP19
9,WaL10
9,MCa10
18,IrP18
25,LM110
6,AGe20
6,RaT1
6,RiQ15
9,TAb10
6,RuT36
9,IF92
9,KaS20
9,IF91
6,RuT30
6,SaT23
6,SaT20
26,Z9530
13,GlJ10
23,IF99
15,RuC10
6,AGe10
21,TMe10
9,SaT17
18,IF81
6,SaT15
6,HAs3
23,IF86
18,HAs2
9,IF83
9,HAs5
6,SaT10
6,HAs4
6,HAs7
9,HAs6
9,Z8210
26,IF87
9,HAs9
23,IF88
13,WiC55
26,ATk10
18,KRz14
13,WiC50
13,WiC51
23,GSt18
23,GSt17
9,RfH10
9,GSt15
6,LwS130
18,GSt13
9,MAl13
9,GSt12
6,NPa20
9,KRz25
26,LUl10
6,THg25
6,IDx5
6,GlJ40
8,GSt19
9,RCS10
9,GlJ60
13,StK15
3,StK10
6,MMo10
9,GSc19
26,GSc18
9,GSc17
13,WiC30
2,GSc14
9,MYa20
9,RM1
15,RM4
13,RM3
26,GSc10
18,RM6
9,GlJ50
9,PlT1
26,PK20
25,PK22
9,PHo10
18,MNa13
18,EK10
9,EK11
9,EK12
23,ElS4
18,EK14
9,GSt30
26,EK15
3,RaW2
26,EK18
18,StK21
9,DiD10
9,PK15
9,LwS180
9,FrR17
13,MKi10
9,PVg10
8,OvH10
9,PlT8
15,FrR20
3,CPR10
9,CDM9
18,S10
9,xMb10
9,CDM7
9,CDM6
9,S12
9,CDM5
26,S15
15,S14
9,CDM3
15,S17
15,LSw10
23,CDM1
15,CDM0
9,DGP1
9,GiA10
8,MWl10
9,LwS166
9,S21
9,GiA20
6,ChG15
6,ChG18
9,RR1
9,RR3
9,RR2
23,RR5
9,RR4
9,AbA10
21,RoS55
9,ThB10
21,RoS54
9,MtR1
21,RoS53
21,RoS52
21,RoS51
6,GiA30
21,RoS50
9,GiA32
2,LGt23
3,AMD16
3,LGt25
9,MtR5
2,TPo12
3,RS1
2,ZlK20
27,RS3
18,PtM10
18,MaG10
6,CCo6
6,CCo5
18,CCo4
6,CCo3
6,CCo2
2,TPo16
8,AR2
9,AR4
27,AR6
13,SNo10
3,LGt31
27,AR8
3,LGt32
9,LGt33
6,JoR10
6,BS15
6,PRJ10
9,HeB3
9,HeB1
9,RT1
3,EZw1
6,BS10
8,HeB5
9,EZw4
9,EZw7
6,KgD10
6,JoR15
18,GiA35
2,ZlK10
9,BB10
9,MS22
9,MS23
21,PhJ13
9,DaM30
18,MS28
21,HeE3
26,MS29
25,GPk14
9,MS25
21,MS26
25,GPk10
6,MB17
6,DaM35
6,MB15
15,MS10
15,LwS190
9,RoS60
6,JeD10
26,MS18
9,MS19
15,ECa64
9,RbM10
3,ECa65
6,EMo40
9,BB17
9,BB15
26,BB11
9,RoS11
26,MkD11
26,MkD12
9,MvD10
26,MkD10
13,RW1
9,RoS15
3,JHi7
9,RoS13
8,Z3412
8,Z3414
6,SDr10
9,ECa62
26,Z3410
8,Z3411
6,SfS10
25,DaM15
26,MS32
9,MS34
9,MS30
6,MB20
18,RBa12
6,EMo20
9,CGi10
6,MB22
6,EMo25
2,PGl10
18,AAt10
9,RzB10
6,LGt40
2,JdA10
9,NcG10
6,LGt45
21,SCo10
9,TRu10
13,WiC70
9,RLo24
9,JoA13
13,EMo17
6,JoA10
8,ISy15
18,CCw5
25,JoA19
6,CCw2
21,JoA15
9,DzV60
13,WiC60
9,RLo10
24,BPi10
9,RdB10
18,ClS40
9,RAl101
26,DnB10
18,ClS45
21,RAl106
6,RAl104
8,DAP10
6,VM28
9,RPe8
9,VM21
9,CCw8
15,VM22
13,HPe10
9,ISy20
9,ISy22
13,APo40
23,APo43
21,DM101
9,SKw20
21,DM100
6,WLa50
6,DWa10
15,VM13
26,VM19
9,HSh5
15,VM10
9,VM11
15,WLa45
9,JIv10
15,WLa41
6,WLa43
15,WLa42
9,ClS22
16,ArP15
23,ArP16
9,JIv15
26,ArP18
18,ClS25
18,ClS28
6,WAr50
13,MGn10
15,WAr54
18,DWr10
6,BiP10
6,WLa38
18,Z9585
15,VM32
3,SeL3
2,VM33
9,ThB55
8,HPC10
15,WAr44
9,JIv30
9,JIv33
9,GLp15
15,WLa24
15,WAr46
25,Z9590
6,RoS95
21,APo10
6,DoW130
18,JIv35
15,WAr40
9,JIv37
9,WAr42
15,WLa27
9,GLp17
6,WLa29
13,LCh31
18,WLa14
3,RoS87
9,JIv21
6,RoS85
9,JIv28
23,ArP10
21,BRo10
6,RoS80
21,LCh39
13,LCh36
23,IEn1
18,WLa18
26,SSn2
9,ThB30
3,GLp30
9,xSc10
18,SSn1
9,JIv51
6,PDc10
18,DBu10
13,DeH10
6,LlB100
18,TG22
18,TG21
18,TG20
6,TG27
18,MuB5
9,JIv42
26,JHs10
9,JIv40
6,BdA2
13,DoW120
26,JIv45
26,JIv47
6,TG15
26,ThS5
9,BB2
6,RbM1
6,ThS4
9,BB5
9,BB6
18,BB7
13,LCh16
26,LCh15
21,TG19
13,LCh13
