ZlK9425482,William Aames,1960
ZlK9425483,George Abbott,1887
ZlK9425484,Philip Abbott,1923
ZlK9425485,Joss Ackland,1928
ZlK9425486,Rodolfo Acosta,1920
ZlK9425487,Jean Adair,1872
ZlK9425488,Ronald Adam,1896
ZlK9425489,Brooke Adams,1949
ZlK9425490,Dorothy Adams,1915
ZlK9425491,Jane Adams,1921
ZlK9425492,Betty May (Julia) Adams,1926
ZlK9425493,Nicholas Adamschock,1931
ZlK9425494,Tome Adams,1938
ZlK9425495,Wesley Addy,1912
ZlK9425496,Jay Adler,1899
ZlK9425497,Jeanne de la Font\`e,1898
ZlK9425498,Max Bor,1902
ZlK9425499,Casey Affleck,0
ZlK9425500,fn bn,1960
ZlK9425501,Brian Aherne,1902
ZlK9425502,Fran{\c}coise Sorya Dreyfus,1932
ZlK9425503,Muriel Aked,1887
ZlK9425504,Serap Aksoy,0
ZlK9425505,Han Albers,1892
ZlK9425506,Edward Albert,1951
ZlK9425507,Jack Albertson,1907
ZlK9425508,Hardy Albrecht,1903
ZlK9425509,Alan Alda,1936
ZlK9425510,John Alderton,1940
ZlK9425511,Jane Quigley,1939
ZlK9425512,Katherine Alexander,1901
ZlK9425513,Terence Alexander,1923
ZlK9425514,Dorothy Alison,1925
ZlK9425515,William Alland,1916
ZlK9425516,Elizabeth Gillease,1934
ZlK9425517,Gracie Allen,1902
ZlK9425518,Nancy Allen,1954
ZlK9425519,Steve Allen,1921
ZlK9425520,Kirstie Alley,0
ZlK9425521,Claud Palmer,1891
ZlK9425522,Ella Geisman,1917
ZlK9425523,Kirk Alyn,1910
ZlK9425524,Leon Wycoff,1903
ZlK9425525,Suzy Amis,1962
ZlK9425526,Glenn Anders,1889
ZlK9425527,Merry Anders,1932
ZlK9425528,Max Aronson,1882
ZlK9425529,Herbert Anderson,1917
ZlK9425530,John Anderson,1922
ZlK9425531,Lindsay Anderson,1923
ZlK9425532,Mary Anderson,1920
ZlK9425533,Richard Anderson,1926
ZlK9425534,Warner Anderson,1911
ZlK9425535,Harriet Andersson,1932
ZlK9425536,Anthony Andrews,1948
ZlK9425537,\'Eamonn Andrews,0
ZlK9425538,Harry Andrews,1911
ZlK9425539,Stanley Andrews,1892
ZlK9425540,Anna Maria Pierangeli,1932
ZlK9425541,M.A. Findlay,1909
ZlK9425542,Stephen Morris,1896
ZlK9425543,Ann-Margret Olsson,1941
ZlK9425544,Susan Anspach,1939
ZlK9425545,Burnu Davenbort,1920
ZlK9425546,Anne Archer,0
ZlK9425547,Eunice Quedens,1912
ZlK9425548,Cornelius van Mattemore,1898
ZlK9425549,George Augustus Andrews,1868
ZlK9425550,Henry Armetta,1888
ZlK9425551,Louis `Satchmo' Armstrong,1900
ZlK9425552,Donald Robert Smith,1890
ZlK9425553,Yvonne Arnaud,1892
ZlK9425554,Desiderio Arnaz y de Acha,1915
ZlK9425555,Peter Arne Albrecht,1920
ZlK9425556,Guenther Schneider,1890
ZlK9425557,Antonin Artaud,1895
ZlK9425558,G.K.A. Brest,1899
ZlK9425559,Linda Arvidson-Griffith,1884
ZlK9425560,Jane Asher,1946
ZlK9425561,E.A. Cooper,1904
ZlK9425562,Luke Askew,0
ZlK9425563,Edward Asner,1929
ZlK9425564,Nils Asther,1897
ZlK9425565,Patty Duke Astin,1946
ZlK9425566,Lucille Langehanke,1906
ZlK9425567,Christopher Atkins,1961
ZlK9425568,Yasuo Tadoroko,1928
ZlK9425569,Malcolm Atterbury,1907
ZlK9425570,Lionel Atwill,1885
ZlK9425571,Leonore Aubert,1913
ZlK9425572,Vladimir Vujovic,1922
ZlK9425573,St\'ephane Audran,1932
ZlK9425574,Claudine Auger,1942
ZlK9425575,Jean-Pierre Salomons,1909
ZlK9425576,Gene Autry,1907
ZlK9425577,Doe Avedon,1928
ZlK9425578,Felix Edward Aylmer Jones,1889
ZlK9425579,Lewis Ayer,1908
ZlK9425580,Randle Ayrton,1869
ZlK9425581,Betty Jean Perske,1924
ZlK9425582,Pamela Bach,1962
ZlK9425583,Jim Backus,1913
ZlK9425584,Alan Badel,1923
ZlK9425585,Max Baer,1909
ZlK9425586,Barbara Bain,1932
ZlK9425587,Scott Baio,1961
ZlK9425588,Diane Baker,1936
ZlK9425589,Joe Don Baker,1943
ZlK9425590,Kenny Baker,1912
ZlK9425591,Tom Baker,1935
ZlK9425592,Jill Balcon,1925
ZlK9425593,Daniel Baldwin,0
ZlK9425594,William (Billy) Baldwin,1963
ZlK9425595,Mireille Balin,1909
ZlK9425596,Vincent Ball,0
ZlK9425597,Martin Balsam,1919
ZlK9425598,George Bancroft,1882
ZlK9425599,Leslie Banks,1890
ZlK9425600,Ian Bannen,1928
ZlK9425601,Theodosia Goodman,1890
ZlK9425602,Adrienne Barbeau,1949
ZlK9425603,Camille Javal,1933
ZlK9425604,Marjorie Fisher,1915
ZlK9425605,Erik Barker,1912
ZlK9425606,Alexander Barker,0
ZlK9425607,Gitelle Barnes,1905
ZlK9425608,Jean-Louis Barrault,1910
ZlK9425609,Edith Williams,1907
ZlK9425610,Barbara Barrie,0
ZlK9425611,Wendy Jenkins,1912
ZlK9425612,Eugene Klass,1921
ZlK9425613,Diane Blanche Barrymore Blythe,1921
ZlK9425614,Edith Mae Blythe,1879
ZlK9425615,John Drew Blythe Barrymore,1932
ZlK9425616,Herbert Blythe,0
ZlK9425617,Richard Barthelmess,1895
ZlK9425618,Eva Sj\"oke,1926
ZlK9425619,Richard Basehart,1915
ZlK9425620,William Basie,0
ZlK9425621,Alfie Bass,0
ZlK9425622,Albert Basserman,1867
ZlK9425623,Alexandra Bastedo,1946
ZlK9425624,Florence Rabe,1888
ZlK9425625,Michael Bates,1920
ZlK9425626,Barbara Baxley,0
ZlK9425627,Ann Baxter,1923
ZlK9425628,Warner Baxter,1889
ZlK9425629,Nathalie Baye,0
ZlK9425630,Stephanie Beacham,1949
ZlK9425631,Emanuelle B\'eart,1965
ZlK9425632,Robert Beatty,1909
ZlK9425633,Louise Beavers,1902
ZlK9425634,Jennifer Beck,1974
ZlK9425635,Michael Beck,1948
ZlK9425636,Reginald Beckwith,1908
ZlK9425637,Bonnie Bedelia,1946
ZlK9425638,Alfonso Bedoya,1904
ZlK9425639,Noah Beery~jr.,1913
ZlK9425640,Ed Begley,1901
ZlK9425641,Harry Belafonte,1927
ZlK9425642,Ann Bell,0
ZlK9425643,Marie-Jeanne Bellon-Downey,1900
ZlK9425644,Tom Bell,1933
ZlK9425645,Ralph Bellamy,1904
ZlK9425646,Kathleen Beller,1955
ZlK9425647,Lionel Belmore,1867
ZlK9425648,Robert Benchley,1889
ZlK9425649,Billy Benedict,1906
ZlK9425650,Riccardo Benedetto,1916
ZlK9425651,Richard Benjamin,1938
ZlK9425652,Barbara Bennett,1902
ZlK9425653,Herman Brix,1909
ZlK9425654,Hywel Bennett,1944
ZlK9425655,Joan Bennett,1910
ZlK9425656,Marjorie Bennett,1894
ZlK9425657,Anette Benning,1958
ZlK9425658,Martin Benson,1918
ZlK9425659,Michael Bentine,1922
ZlK9425660,Marisa Berenson,1946
ZlK9425661,Nellie Burgin,1929
ZlK9425662,Senta Berger,1941
ZlK9425663,Herbert Berghof,1909
ZlK9425664,Elisabeth Ettel,1898
ZlK9425665,Israel Baline,1888
ZlK9425666,Shelley Berman,1926
ZlK9425667,Herschel Bernardi,1923
ZlK9425668,Halle Berry,0
ZlK9425669,Ken Berry,1933
ZlK9425670,Joe Besser,1916
ZlK9425671,Edna Best,1900
ZlK9425672,Turhan Bey,0
ZlK9425673,Daniela Bianchi,1942
ZlK9425674,Theodore Bikel,1924
ZlK9425675,Herman Bing,1889
ZlK9425676,Julliette Binoche,1964
ZlK9425677,Norman Bird,1920
ZlK9425678,Jacqueline Brown,1914
ZlK9425679,Jacqueline Bisset,1944
ZlK9425680,Gunnar Gunnar Bj\"ornstrand,0
ZlK9425681,Honor Blackman,1926
ZlK9425682,Sidney Blackmer,1895
ZlK9425683,Gerard Blain,1930
ZlK9425684,Elizabeth Boger,1923
ZlK9425685,Linda Blair,1959
ZlK9425686,Blossom McDonald,1896
ZlK9425687,Whitney Blake,0
ZlK9425688,Susan Blakely,1950
ZlK9425689,Michel Blanc,0
ZlK9425690,Mary Blanchard,1927
ZlK9425691,Elizabeth Jung,1910
ZlK9425692,Bernard Blier,1916
ZlK9425693,Joan Blondell,1909
ZlK9425694,Verna Bloom,0
ZlK9425695,Monte Blue,1890
ZlK9425696,Elizabeth Blythe Slaughter,1893
ZlK9425697,Eleanor Boardman,1898
ZlK9425698,Karlheinz Boehm,1928
ZlK9425699,Humphrey DeForest Bogart,1899
ZlK9425700,Curt Bois,1900
ZlK9425701,Ray Bolger,1904
ZlK9425702,Joseph Bologna,1938
ZlK9425703,Derek Bond,1919
ZlK9425704,Ward Bond,1903
ZlK9425705,Beulah Bondy,1889
ZlK9425706,Salvatore Bono,1940
ZlK9425707,Richard Boone,1917
ZlK9425708,David Geeves-Booth,1930
ZlK9425709,Powers Boothe,0
ZlK9425710,Victor Borge,0
ZlK9425711,Tom Bosley,1927
ZlK9425712,Joseph Bottoms,1954
ZlK9425713,Timothy Bottoms,1949
ZlK9425714,Michel Bouquet,1926
ZlK9425715,Clara Bow,1905
ZlK9425716,David Robert Jones,1947
ZlK9425717,Lee Bowman,1910
ZlK9425718,William Millar,1928
ZlK9425719,William `Stage' Boyd,0
ZlK9425720,Lara Flynn Boyle,1970
ZlK9425721,Reizel Bozyk,1914
ZlK9425722,Eddie Bracken,1920
ZlK9425723,Pat Brady,0
ZlK9425724,Sonia Braga,0
ZlK9425725,Wilfrid Brambell,1912
ZlK9425726,Miriam Brickman,0
ZlK9425727,Neville Brand,1921
ZlK9425728,Marlon Brando,1924
ZlK9425729,Michael Brandon,0
ZlK9425730,Claude Brasseur,1936
ZlK9425731,Rossano Brazzi,1916
ZlK9425732,Eileen Brennan,1935
ZlK9425733,Eve Brent,1930
ZlK9425734,George Brent Nolan,1904
ZlK9425735,fn bn,0
ZlK9425736,Jeremy Huggins,1935
ZlK9425737,David Brian,1914
ZlK9425738,Fanny Borach,1891
ZlK9425739,Beau Bridges,1941
ZlK9425740,Lloyd Bridges,1913
ZlK9425741,Carl Pedersen,1895
ZlK9425742,Susanne Cupito,1953
ZlK9425743,Pamela Britton,1923
ZlK9425744,Herman Brix,1909
ZlK9425745,James Broderick,1927
ZlK9425746,John Stevens,1919
ZlK9425747,James Brolin,1940
ZlK9425748,John Bromfield,1922
ZlK9425749,Charles Buchinski,1922
ZlK9425750,Faith Brook,1922
ZlK9425751,Albert Lawrence Einstein,1947
ZlK9425752,James L. Brooks,0
ZlK9425753,Phyllis Weiler,1914
ZlK9425754,Ray Brooks,1939
ZlK9425755,Mary Brough,1863
ZlK9425756,Bryan Brown,1947
ZlK9425757,George Brown,1943
ZlK9425758,James Brown,1920
ZlK9425759,Joe E. Brown,1892
ZlK9425760,Tom Brown,1913
ZlK9425761,Wally Brown,1989
ZlK9425762,Roscoe Lee Browne,1925
ZlK9425763,Bruce Nigel,1895
ZlK9425764,Dora Broadbent,1923
ZlK9425765,Michael Bryant,1928
ZlK9425766,Youl Bryner,1915
ZlK9425767,Jack Buchanan,1891
ZlK9425768,Genevieve Bujold,1942
ZlK9425769,Sandra Bullock,1967
ZlK9425770,Victor Buono,1938
ZlK9425771,Mary William Ethelbert Appleton Burke,1885
ZlK9425772,Paul Burke,1926
ZlK9425773,gn Burnette,0
ZlK9425774,Catherine Burns,1945
ZlK9425775,Mark Burns,1936
ZlK9425776,Edna Gilhooley,1932
ZlK9425777,LeVar Burton,0
ZlK9425778,Robert Burton,1894
ZlK9425779,Mae Busch,1879
ZlK9425780,Billy Bush,0
ZlK9425781,Francis X. Bushman,1883
ZlK9425782,Yancy Butler,0
ZlK9425783,Aaron Chwatt,1918
ZlK9425784,Spring Byington,1893
ZlK9425785,Eddie Byrne,1911
ZlK9425786,Walter Butler,1899
ZlK9425787,Etienne Pelissier deBujac,1904
ZlK9425788,Jean Cadell,1884
ZlK9425789,Nicolas Coppola,1964
ZlK9425790,James Cagney,1899
ZlK9425791,Howard Cohen,1926
ZlK9425792,Anna Calder-Marshall,1949
ZlK9425793,Frances Timothy Durgin,1922
ZlK9425794,Maria Kalogeropolos,1923
ZlK9425795,Cabell Calloway,1907
ZlK9425796,Phyllis Bickle,1915
ZlK9425797,Wimberly Calvin Goodman jr.,1918
ZlK9425798,Nathan Cox,1910
ZlK9425799,Beatrice Campbell,1923
ZlK9425800,Colin Campbell,1883
ZlK9425801,Eric Campbell,1878
ZlK9425802,William Campbell,1926
ZlK9425803,John Candy,1951
ZlK9425804,J.D. Cannon,1922
ZlK9425805,Mario Moreno,1911
ZlK9425806,Truman Capote,1925
ZlK9425807,Claudia Cardinale,1939
ZlK9425808,Harry Carey jr.,0
ZlK9425809,Leonard Carey,1893
ZlK9425810,Philip Carey,1925
ZlK9425811,Patrick Cargill,1918
ZlK9425812,Richard Carlson,0
ZlK9425813,Ian Carmichael,1920
ZlK9425814,Judy Carne,1939
ZlK9425815,George Carney,1887
ZlK9425816,Maryse Mourer,1922
ZlK9425817,Leslie Caron,1931
ZlK9425818,Darleen Carr,0
ZlK9425819,John Arthur Carradine,1940
ZlK9425820,Keith Carradine,1945
ZlK9425821,Barbara Carrera,1945
ZlK9425822,Julian LaFaye,1906
ZlK9425823,Marie Madelaine Bernadette O'Carrol,1906
ZlK9425824,Regina Carrol,0
ZlK9425825,Jack Carson,1910
ZlK9425826,Ann Carter,1936
ZlK9425827,Helen Rickerts,1923
ZlK9425828,John Chakrin,1922
ZlK9425829,Anthony Caruso,1913
ZlK9425830,Maria Casar\`es Quiroga,1922
ZlK9425831,Johnny Cash,1932
ZlK9425832,John Cassavetes,1929
ZlK9425833,Jean-Pierre Crochon,1932
ZlK9425834,Jack Cassidy,0
ZlK9425835,Ted Cassidy,1932
ZlK9425836,William Schloss,1914
ZlK9425837,Walter Catlett,1889
ZlK9425838,Paul Cavanagh,1895
ZlK9425839,Joseph Cawthorn,1868
ZlK9425840,Adolfo Celi,1922
ZlK9425841,George Chakiris,1933
ZlK9425842,Lolita Chammah,1983
ZlK9425843,Jack Chan,0
ZlK9425844,George Chandler,1902
ZlK9425845,Ira Grossel,1918
ZlK9425846,John Davis Chandler,1937
ZlK9425847,Creighton Chaney,1906
ZlK9425848,Susan Channing,1944
ZlK9425849,Esme Chaplin,0
ZlK9425850,Oona Chaplin,1926
ZlK9425851,Edward Chapman,1901
ZlK9425852,Lonny Chapman,0
ZlK9425853,Tula Ellice Finklea,1921
ZlK9425854,Ian Charleson,0
ZlK9425855,Charles Parrott,1893
ZlK9425856,Soumitra Chatterjee,0
ZlK9425857,Ernest Evans,1941
ZlK9425858,Cherilyn Sarkisian,1946
ZlK9425859,Virginia Cherrill,1908
ZlK9425860,none Reri,0
ZlK9425861,Walter Annichiarico,1924
ZlK9425862,Eric Chitty,0
ZlK9425863,Audrey Christie,1912
ZlK9425864,Dennis Christopher,1955
ZlK9425865,Berton Churchill,1876
ZlK9425866,Eduardo Cianelli,1887
ZlK9425867,Michael Cimino,1940
ZlK9425868,Mary Clare,1894
ZlK9425869,Candy Clark,1949
ZlK9425870,Bernard Zanville,1913
ZlK9425871,Fred Clark,1914
ZlK9425872,Marguerite Clark,1883
ZlK9425873,Susan Clark,1940
ZlK9425874,D.A. Clarke-Smith,1888
ZlK9425875,Ethel Clayton,1884
ZlK9425876,Pierre Clementi,1941
ZlK9425877,Montgomery Clift,1920
ZlK9425878,E.E. Clive,1879
ZlK9425879,Rosemary Clooney,1928
ZlK9425880,Suzanne Cloutier,1927
ZlK9425881,Alec Clunes,1912
ZlK9425882,Leo Jacoby,1911
ZlK9425883,James Coburn,1928
ZlK9425884,James Coco,1928
ZlK9425885,Cote Louis,1884
ZlK9425886,Tristam Coffin,0
ZlK9425887,Lily Claudette Chauchoin,1905
ZlK9425888,Nathaniel Coles,1919
ZlK9425889,Dabney Coleman,0
ZlK9425890,Nancy Coleman,1917
ZlK9425891,Bonar Sullivan,1924
ZlK9425892,John Collier,1931
ZlK9425893,Patience Collier,0
ZlK9425894,William Senior,1866
ZlK9425895,Cora Sue Collins,1927
ZlK9425896,Joan Collins,1933
ZlK9425897,Ray Collins,1890
ZlK9425898,Russell Collins,1897
ZlK9425899,Richard Colman,1891
ZlK9425900,Jerry Colonna,1903
ZlK9425901,Kay or Linda Winters,1913
ZlK9425902,Fay Compton,0
ZlK9425903,Jeff Conaway,1950
ZlK9425904,Jimmy Conlin,1884
ZlK9425905,Neil Connery,1938
ZlK9425906,Walter Connolly,1887
ZlK9425907,Kevin Connors,1937
ZlK9425908,Krekor Ohanian,1925
ZlK9425909,Conrad Robert Falk,1935
ZlK9425910,Hans Conried,1917
ZlK9425911,Richard Conte,1914
ZlK9425912,Frank Converse,1938
ZlK9425913,Gareth Carmody,1938
ZlK9425914,Tim Conway,1933
ZlK9425915,Clyde Cook,1891
ZlK9425916,Fielder Cook,1923
ZlK9425917,Ron Cook,0
ZlK9425918,Dame Gladys Cooper,1888
ZlK9425919,Melville Cooper,1896
ZlK9425920,Robert Coote,1909
ZlK9425921,Sofia Coppola,0
ZlK9425922,Harry Corbett,1925
ZlK9425923,Kevin Corcoran,1949
ZlK9425924,Lola Cordova,0
ZlK9425925,Jeff Corey,1914
ZlK9425926,Roger Corman,1926
ZlK9425927,Douglas Corrigan,1907
ZlK9425928,Bud Cort,1950
ZlK9425929,Ricardo Cortez,1899
ZlK9425930,Cosell Howard,1919
ZlK9425931,Dolores Costello,1905
ZlK9425932,Lou Costello,1906
ZlK9425933,Joseph Cotten,1905
ZlK9425934,gN famN,1969
ZlK9425935,Tom Courtenay,1937
ZlK9425936,Jerome Cowan,1897
ZlK9425937,Ronny Cox,1938
ZlK9425938,Clarence Linden Crabbe,1907
ZlK9425939,Michael Gregson,1928
ZlK9425940,Jeanne Crain,1925
ZlK9425941,Frank Craven,1875
ZlK9425942,Andrew Crawford,1917
ZlK9425943,Lucille leSueur,1906
ZlK9425944,Michael Crawford,1942
ZlK9425945,Richard Crenna,1926
ZlK9425946,Bernard Cribbins,1928
ZlK9425947,Donald Crisp,1880
ZlK9425948,Barry Crocker,0
ZlK9425949,Hume Blake,1911
ZlK9425950,Harry Crosby,0
ZlK9425951,Ben Cross,1948
ZlK9425952,Scatman Crothers,0
ZlK9425953,Andrew Cruickshank,1907
ZlK9425954,Rosalie Crutchley,1921
ZlK9425955,Billy Crystal,1948
ZlK9425956,Macaulay Culkin,1980
ZlK9425957,Robert Culp,1930
ZlK9425958,Ruth Cumming Cors.,0
ZlK9425959,Robert Cummings,1908
ZlK9425960,Alain Cuny,1908
ZlK9425961,Tim Curry,1946
ZlK9425962,Jamie Lee Curtis,1958
ZlK9425963,Ken Curtis,1916
ZlK9425964,George Curzon,1896
ZlK9425965,Peter Cushing,1913
ZlK9425966,Zbigniew Cybulski,1927
ZlK9425967,Olivia D'Abo,1970
ZlK9425968,Marta Maria Lilets,0
ZlK9425969,Eva Dahlbeck,1920
ZlK9425970,Amy Dalby,1888
ZlK9425971,James Smith,1935
ZlK9425972,John Dall,1918
ZlK9425973,Timothy Dalton,1944
ZlK9425974,James Daly,1918
ZlK9425975,Mark Doman,0
ZlK9425976,Claude Cowan,1879
ZlK9425977,Leora Dana,1923
ZlK9425978,Dorothy Dandridge,1923
ZlK9425979,Beverly D'Angelo,1854
ZlK9425980,Virginia Daniels,1901
ZlK9425981,Blythe Danner,1945
ZlK9425982,Ted Danson,1952
ZlK9425983,Helmut Dantine,1917
ZlK9425984,Deborah Zenby,1947
ZlK9425985,Alexander Sarruf,1908
ZlK9425986,Monetta Eloisa Darnell,1921
ZlK9425987,Danielle Darrieux,1917
ZlK9425988,Harold Siverblatt,1909
ZlK9425989,Claude Dauphin,1903
ZlK9425990,Nigel Davenport,1928
ZlK9425991,John Davidson,1886
ZlK9425992,John Howard Davies,1939
ZlK9425993,Marion Douras,1897
ZlK9425994,Ruth Elizabeth Davis,1908
ZlK9425995,Jim Davis,1915
ZlK9425996,Judy Davis,1956
ZlK9425997,Ossie Davis,1917
ZlK9425998,Bruce Davison,1948
ZlK9425999,Dennis Day,0
ZlK9426000,Frances Day,1908
ZlK9426001,Laraine Johnson,1917
ZlK9426002,Richard Deacon,1923
ZlK9426003,James Dean,1931
ZlK9426004,Yvonne DeBray,1889
ZlK9426005,Rosemary Camp,1913
ZlK9426006,Jeanne Casalis,1896
ZlK9426007,Arturo Garcia,1908
ZlK9426008,Jean Dee,1908
ZlK9426009,Alexandra Zuck,1942
ZlK9426010,Luca Passarelli,0
ZlK9426011,Don Defore,1917
ZlK9426012,Pia Degermark,1949
ZlK9426013,Gloria de Haven,1924
ZlK9426014,John Forkum,1915
ZlK9426015,Marguerite De La Motte,1903
ZlK9426016,Cyril Delevanti,1887
ZlK9426017,Gabrielle Girard,1926
ZlK9426018,Julie Delpy,1969
ZlK9426019,Dom De Luise,1933
ZlK9426020,Derrick de Marney,1906
ZlK9426021,Maria deMadeiros,0
ZlK9426022,Katherine Lester,1911
ZlK9426023,Carol Dempster,1901
ZlK9426024,Catherine Dorleac,1943
ZlK9426025,Robert de Niro,1943
ZlK9426026,Brian Dennehy,1940
ZlK9426027,Louis A. Denninger,1914
ZlK9426028,Reginald Leigh Daymore,1891
ZlK9426029,G\'erard Depardieu,1948
ZlK9426030,Lya de Putti,1901
ZlK9426031,Mary Cathleen Collins,1957
ZlK9426032,Joe de Rita,0
ZlK9426033,Laura Dern,1967
ZlK9426034,Jean Desailly,1920
ZlK9426035,Ivan Desny,1922
ZlK9426036,gn bn,0
ZlK9426037,Andy Devine,1905
ZlK9426038,William Devlin,0
ZlK9426039,Brandon deWilde,1942
ZlK9426040,Francis DeWolff,1913
ZlK9426041,Cliff DeYoung,1945
ZlK9426042,Selma Diamond,0
ZlK9426043,Angeline Brown,1931
ZlK9426044,Wilhelm Dieterle,1893
ZlK9426045,Anton Diffring,1918
ZlK9426046,Basil Dignam,1905
ZlK9426047,Phyllis Diller,1917
ZlK9426048,Matt Dillon,1964
ZlK9426049,Charles Dingle,1887
ZlK9426050,Dante DiPaolo,0
ZlK9426051,Richard Dix,1894
ZlK9426052,Tamara Dobson,1947
ZlK9426053,fn bn,1953
ZlK9426054,Placido Domingo,1940
ZlK9426055,James Donald,1917
ZlK9426056,Robert Donat,1905
ZlK9426057,Yolande Donlan,1920
ZlK9426058,Jeff Donnell,1921
ZlK9426059,Ruth Donnelly,1896
ZlK9426060,King Donovan,1919
ZlK9426061,Paul Dooley,1928
ZlK9426062,Ann Doran,1914
ZlK9426063,Francoise Dorleac,1941
ZlK9426064,Frits vanDongen,1905
ZlK9426065,Diana Fluck,1931
ZlK9426066,G Moppert,1880
ZlK9426067,Catherine Green,1875
ZlK9426068,Donna Douglas,1933
ZlK9426069,Melvyn Hesselberg,1901
ZlK9426070,Paul Douglas,1907
ZlK9426071,Brad Dourif,1950
ZlK9426072,Peggy Varnadow,1928
ZlK9426073,Doris Dowling,1921
ZlK9426074,Lesley-Anne Down,1954
ZlK9426075,Johnny Downs,1913
ZlK9426076,Charles Ruppert,1914
ZlK9426077,Frances Drake,1908
ZlK9426078,Alfred Varick,1881
ZlK9426079,Lois Obee,1909
ZlK9426080,Leila Von Koerber,1869
ZlK9426081,Herbert Blythe,0
ZlK9426082,Bobby Driscoll,1937
ZlK9426083,Minnie Driver,1971
ZlK9426084,James Drury,1934
ZlK9426085,David Duchovny,1960
ZlK9426086,Howard Duff,1917
ZlK9426087,Dennis Dugan,1948
ZlK9426088,Andrew Duggan,1923
ZlK9426089,Keir Dullea,1936
ZlK9426090,Ralph Dumke,1900
ZlK9426091,Faye Dunaway,1941
ZlK9426092,Archie Duncan,1914
ZlK9426093,Sandy Duncan,1946
ZlK9426094,James Dunn,1905
ZlK9426095,Griffin Dunne,1955
ZlK9426096,Mildred Dunnock,1904
ZlK9426097,June Duprez,1918
ZlK9426098,Jimmy Durante,1893
ZlK9426099,Charles Durning,1933
ZlK9426100,Robert Duvall,1931
ZlK9426101,Ann McKim,1912
ZlK9426102,Franklin Dyall,1874
ZlK9426103,Robert Zimmerman,0
ZlK9426104,Clint Eastwood,1930
ZlK9426105,Shirley Eaton,0
ZlK9426106,Maude Eburne,1875
ZlK9426107,G\"osta Eckman,0
ZlK9426108,Helen Jerome Eddy,1897
ZlK9426109,Herb Edelman,1930
ZlK9426110,Blake Edwards,1922
ZlK9426111,Henry Edwards,1882
ZlK9426112,Vincento Eduardo Zoine,1928
ZlK9426113,Richard Egan,1921
ZlK9426114,Samantha Eggar,1939
ZlK9426115,Jill Eikenberry,1947
ZlK9426116,Fred Eisley,0
ZlK9426117,Britt-Marie Ekland,1942
ZlK9426118,John Eldredge,1917
ZlK9426119,Hector Elizondo,1936
ZlK9426120,Laura Elliot,1929
ZlK9426121,Robert Elliott,1879
ZlK9426122,Gordon Elliott,1904
ZlK9426123,Mary Elsas,1900
ZlK9426124,Frank Ellison Smith,1910
ZlK9426125,Michael Elphick,1946
ZlK9426126,Faye Emerson,1917
ZlK9426127,Roy Emerton,1892
ZlK9426128,Gilbert Emery,1875
ZlK9426129,Fred Emney,1900
ZlK9426130,Richard Erdmann,1925
ZlK9426131,Joseph Meibes,1927
ZlK9426132,Stuart Erwin,1903
ZlK9426133,Jill Esmond,1908
ZlK9426134,Barry Evans,1945
ZlK9426135,Frances Octavia Smith,1912
ZlK9426136,Gene Evans,1922
ZlK9426137,Maurice Evans,1901
ZlK9426138,Robert Evans,1930
ZlK9426139,Barbara Everest,1890
ZlK9426140,Herbert Evers,1922
ZlK9426141,William Eythe,1918
ZlK9426142,Fabio Lanzoni,1961
ZlK9426143,Aldo Fabrizi,1905
ZlK9426144,Douglas~jr. Fairbanks,1909
ZlK9426145,Morgan Fairchild,1950
ZlK9426146,Peter Falk,1927
ZlK9426147,James Farentino,1938
ZlK9426148,Chris Farley,1964
ZlK9426149,Mimsy Farmer,1945
ZlK9426150,Franklyn Farnum,1876
ZlK9426151,Derek Farr,1912
ZlK9426152,Derek Farr,0
ZlK9426153,Geraldine Farrar,1882
ZlK9426154,Charles Farrell,1901
ZlK9426155,Sharon Farrell,0
ZlK9426156,Rainer Werner Fassbinder,1945
ZlK9426157,Alice Leppert,1912
ZlK9426158,Louise Fazenda,1895
ZlK9426159,Fritz Feld,1900
ZlK9426160,Barbara Feldon,1939
ZlK9426161,Maria Felix,1915
ZlK9426162,Rockliffe Fellowes,1885
ZlK9426163,Hansjoerg Felmy,1931
ZlK9426164,Sherilyn Fenn,1965
ZlK9426165,Frank Fenton,1906
ZlK9426166,Elsie Ferguson,1883
ZlK9426167,Fernand Contandin,1903
ZlK9426168,Conchata Ferrell,1943
ZlK9426169,Mel Ferrer,1917
ZlK9426170,Lincoln Perry,1898
ZlK9426171,Lewis Fiander,1938
ZlK9426172,Betty Field,1918
ZlK9426173,Sally Field,1946
ZlK9426174,Sid Field,1904
ZlK9426175,Fenella Fielding,1930
ZlK9426176,Gracie Stansfield,1898
ZlK9426177,Flora Finch,1869
ZlK9426178,Peter Finch,1916
ZlK9426179,Frank Finlay,1926
ZlK9426180,Albert Finney,1936
ZlK9426181,O.W. Fischer,1915
ZlK9426182,Edwin Jack Fisher,1928
ZlK9426183,William Shields,1888
ZlK9426184,Geraldine Fitzgerald,1912
ZlK9426185,Paul Morrison,1901
ZlK9426186,Michael St. Angel,0
ZlK9426187,Ed Flanders,1934
ZlK9426188,James Flavin,1906
ZlK9426189,Cyril Fletcher,1913
ZlK9426190,Jay C. Flippen,1898
ZlK9426191,Errol Flynn,1909
ZlK9426192,Sean Flynn,1941
ZlK9426193,Bridget Fonda,1964
ZlK9426194,Peter Fonda,1939
ZlK9426195,Genevi\`eve Fontanel,0
ZlK9426196,Nicholas Foran,1910
ZlK9426197,Mary Forbes,1882
ZlK9426198,Dorothy Ford,1923
ZlK9426199,Gwyllyn Ford,1916
ZlK9426200,Paul Ford Weaver,1901
ZlK9426201,Lou Degni,1933
ZlK9426202,Frederic Forrest,0
ZlK9426203,Robert Forster,1942
ZlK9426204,Bruce Forsyth,1927
ZlK9426205,John Freund,1918
ZlK9426206,Barry Foster,1931
ZlK9426207,Alicia Christian Foster,1962
ZlK9426208,Meg Foster,0
ZlK9426209,Preston Foster,1901
ZlK9426210,Byron Foulger,1900
ZlK9426211,Douglas Fowley,1911
ZlK9426212,Edward Fox,1937
ZlK9426213,Michael J. Fox,1961
ZlK9426214,Wilhelm Fried,1879
ZlK9426215,Eddie Foy~jr,1905
ZlK9426216,Victor Francen,1888
ZlK9426217,Alec B. Francis,1869
ZlK9426218,Arlene Francis,1908
ZlK9426219,Eve Francis,0
ZlK9426220,Katherine Gibbs,1899
ZlK9426221,James Franciscus,1934
ZlK9426222,Jacques Fran{\c}cois,0
ZlK9426223,Pamela Franklin,1949
ZlK9426224,Eduard Franz,1902
ZlK9426225,John Fraser,1931
ZlK9426226,Richard Fraser,1913
ZlK9426227,William Frawley,1887
ZlK9426228,Pauline Frederick,1883
ZlK9426229,Al Freeman~jr,1934
ZlK9426230,Kathleen Freeman,1919
ZlK9426231,Leslie French,1899
ZlK9426232,Bernard Fresson,1933
ZlK9426233,Jonathan Frid,1925
ZlK9426234,Philip Friend,1915
ZlK9426235,Gert Fr\"obe,1913
ZlK9426236,Dominic Frontiere,1931
ZlK9426237,Robert Fuller,1934
ZlK9426238,Annette Funicello,1942
ZlK9426239,Judith Furse,1912
ZlK9426240,Will Fyffe,1884
ZlK9426241,Alexis Moncourg\'e,1904
ZlK9426242,John Clark Gable,1960
ZlK9426243,Sari Gabor,1917
ZlK9426244,Charlotte Gainsbourg,0
ZlK9426245,Peter Gallagher,0
ZlK9426246,Michael Gambon,0
ZlK9426247,Bruno Ganz,0
ZlK9426248,Greta Gustafson,1905
ZlK9426249,Vincent Scognamiglio,1922
ZlK9426250,Ava Gardner,1922
ZlK9426251,Allen Goorwitz,1939
ZlK9426252,Arthur Garfunkel,0
ZlK9426253,William Gargan,1905
ZlK9426254,Frances Gumm,1922
ZlK9426255,Peggy Ann Garner,1931
ZlK9426256,fn Garofalo,1965
ZlK9426257,Reginald Doudy,1902
ZlK9426258,Jennie Garth,1972
ZlK9426259,Vittoria Gassman,1922
ZlK9426260,Larry Gates,1915
ZlK9426261,Marjorie Gateson,1891
ZlK9426262,Mikkel Gaup,1973
ZlK9426263,Gregory Gaye,1900
ZlK9426264,Francesca Mitzi vonGerber,1930
ZlK9426265,William Ghere,1902
ZlK9426266,Emma Auguste Gehrts,1891
ZlK9426267,Guiliano Gemma,1940
ZlK9426268,Chief George,1899
ZlK9426269,Gladys Clare,1900
ZlK9426270,Linda Day,1944
ZlK9426271,Susan George,1950
ZlK9426272,Stefan Gyergyay,1904
ZlK9426273,Gene Gerrard,1892
ZlK9426274,Alice Ghostley,1926
ZlK9426275,Giancarlo Giannini,1942
ZlK9426276,Henry Gibson,1935
ZlK9426277,Mel Gibson,1951
ZlK9426278,Billy Gilbert,1893
ZlK9426279,Connie Gilchrist,1901
ZlK9426280,William Gillette,1855
ZlK9426281,Claude Gillingwater,1870
ZlK9426282,Margalo Gillmore,1897
ZlK9426283,Virginia Gilmore,0
ZlK9426284,Annie Girardot,1931
ZlK9426285,Dorothy Gish,1898
ZlK9426286,Kathryn Givney,1897
ZlK9426287,Jackie Gleason,1916
ZlK9426288,Lucille Gleason,1886
ZlK9426289,Roy Glenn,1901
ZlK9426290,Danny Glover,1947
ZlK9426291,carlin Glynn,0
ZlK9426292,George Gobel,1919
ZlK9426293,Willoughby Goddard,1932
ZlK9426294,Norris Goff,1906
ZlK9426295,Whoopi Goldberg,1950
ZlK9426296,Charles Goldner,1900
ZlK9426297,Minna Gombell,1900
ZlK9426298,Peter Gonzales,0
ZlK9426299,Benny Goodman,1909
ZlK9426300,Harold Goodwin,1917
ZlK9426301,Bruce Gordon,1919
ZlK9426302,Colin Gordon,1911
ZlK9426303,Leo Gordon,1922
ZlK9426304,Ruth Gordon Jones,1896
ZlK9426305,Cliff Gorman,1936
ZlK9426306,Frank Gorshin,1935
ZlK9426307,Louis Gosset,1936
ZlK9426308,Walter Gotell,0
ZlK9426309,Jetta Goudal,1898
ZlK9426310,Elliott Goldstein,1938
ZlK9426311,Jason Gould,0
ZlK9426312,Gibson Gowland,1872
ZlK9426313,Ruth Elizabeth Grable,1916
ZlK9426314,Margot Grahame,1911
ZlK9426315,Farley Granger,1928
ZlK9426316,Archibald Leach,1904
ZlK9426317,Lawrence Grant,1870
ZlK9426318,Richard E. Grant,0
ZlK9426319,Charley Grapewin,1869
ZlK9426320,Peter Graves,1911
ZlK9426321,Billy Gray,1940
ZlK9426322,Doris Jensen,1922
ZlK9426323,Nadia Gray,1923
ZlK9426324,Zelma Hedrick,1922
ZlK9426325,Danny Green,1903
ZlK9426326,Nigel Green,1924
ZlK9426327,Leon Green,0
ZlK9426328,Richard Greene,1914
ZlK9426329,Sidney Greenstreet,1879
ZlK9426330,Joan Greenwood,1921
ZlK9426331,Bettyjane Greer,1924
ZlK9426332,Nora Gregor,1890
ZlK9426333,John Gregson,1919
ZlK9426334,Joyce Phipps,1910
ZlK9426335,Joe Katz,1932
ZlK9426336,Eschol Loleet Miller,1918
ZlK9426337,Helmut Griem,0
ZlK9426338,Ethel Woods,1878
ZlK9426339,Corinne Griffith,1898
ZlK9426340,Kenneth Griffith,1921
ZlK9426341,Jane Griffiths,1929
ZlK9426342,George Grizzard,1925
ZlK9426343,Gustav Gr\"undgens,0
ZlK9426344,Dominic Guard,1925
ZlK9426345,Fran\c cois Gu\'erin,0
ZlK9426346,Paul Guilfoyle,1902
ZlK9426347,Robert Guillaume,0
ZlK9426348,Clu Gulager,1929
ZlK9426349,Sigrid Gurie,1911
ZlK9426350,Edmund Gwenn,1875
ZlK9426351,Frederick Hubbard Gwynne,1927
ZlK9426352,Greta Gynt,1916
ZlK9426353,Hugo Haas,1901
ZlK9426354,Joan Hackett,1934
ZlK9426355,Gene Hackman,1930
ZlK9426356,Reed Herring,1911
ZlK9426357,Dan Haggerty,0
ZlK9426358,Kenneth Haigh,1929
ZlK9426359,Rufus Alan McKahan,1892
ZlK9426360,Barbara Hale,1922
ZlK9426361,J. Hatley,1892
ZlK9426362,Monte Hale,1919
ZlK9426363,Robert Hale Monroe,1902
ZlK9426364,Henry Hall,1920
ZlK9426365,Charles Locher,1913
ZlK9426366,Porter Hall,1888
ZlK9426367,Ray Hallam,0
ZlK9426368,John Halliday,1880
ZlK9426369,Brett Halsey,0
ZlK9426370,Mark Hamill,1952
ZlK9426371,George Hamilton,1939
ZlK9426372,Margaret Hamilton Hamilton,1902
ZlK9426373,Neil Hamilton,1899
ZlK9426374,Dorothy Standing,1909
ZlK9426375,Susan Hampshire,1938
ZlK9426376,Carol Haney,1928
ZlK9426377,Jenny Hanley,1947
ZlK9426378,Lawrence Hanray,1874
ZlK9426379,Haya Hararit,1934
ZlK9426380,David Llewellyn Harding,0
ZlK9426381,Oliver Norvell Hardy,1892
ZlK9426382,Lumsden Hare,1875
ZlK9426383,Dorian Harewood,1950
ZlK9426384,Harlean Carpentier,1911
ZlK9426385,Jessica Harper,1955
ZlK9426386,William Harrigan,1894
ZlK9426387,Barbara Harris,1936
ZlK9426388,Julie Harris,1925
ZlK9426389,Phillip Harris,1904
ZlK9426390,Robert Harris,1900
ZlK9426391,Rosemary Harris,1930
ZlK9426392,Kathleen Harrison,1898
ZlK9426393,Sir Reginald Carey,1908
ZlK9426394,Dolores Hicks,1938
ZlK9426395,William Surrey Hart,1870
ZlK9426396,David Hartman,1937
ZlK9426397,Phil Hartmann,1948
ZlK9426398,Laurence Harvey,0
ZlK9426399,Larushka Mischa Skikne,1928
ZlK9426400,Paul Harvey,1884
ZlK9426401,Marilyn Hassett,1947
ZlK9426402,Terry Hatcher,0
ZlK9426403,Raymond Hatton,1887
ZlK9426404,Rutger Hauer,1944
ZlK9426405,June Stovenour,1926
ZlK9426406,Jack Hawkins,1910
ZlK9426407,Goldie Hawn,1945
ZlK9426408,Nigel Hawthorne,1929
ZlK9426409,Sessue Hayakawa,1889
ZlK9426410,Linda Hayden,1951
ZlK9426411,Sterling Hayden,1916
ZlK9426412,Helen Hay,1874
ZlK9426413,George Hayes,1885
ZlK9426414,Margaret Hayes,1915
ZlK9426415,Peter Lind Hayes,0
ZlK9426416,Robert Hays,1948
ZlK9426417,Seafield Grant,1909
ZlK9426418,Margarita Carmen Cansino,1918
ZlK9426419,Joey Heatherton,1944
ZlK9426420,Ara (Al) Heditsian,1926
ZlK9426421,Emmet Evan Heflin,1910
ZlK9426422,Katherine Helmond,1929
ZlK9426423,Margaux Hemingway,1955
ZlK9426424,David Hemmings,1941
ZlK9426425,Sonja Henie,1912
ZlK9426426,Paul George Julius vonHenreid,1907
ZlK9426427,B. Zuckerman,1930
ZlK9426428,Justin Henry,1971
ZlK9426429,William Henry,1918
ZlK9426430,Jim Henson,1936
ZlK9426431,Leslie Henson,1891
ZlK9426432,Audrey Hepburn-Ruston,1929
ZlK9426433,Bernard Hepton,1925
ZlK9426434,Hugh Herbert,1887
ZlK9426435,Eileen Herlihy,1919
ZlK9426436,Juano Hernandez,1896
ZlK9426437,Barbara Herzstine,1948
ZlK9426438,Irene Hervey,1910
ZlK9426439,Louis Heydt,1905
ZlK9426440,Pat Heywood,1927
ZlK9426441,William Hickey,1928
ZlK9426442,Russell Hicks,1895
ZlK9426443,Joan Hickson,1906
ZlK9426444,Alfred Hawthorne Hill,1925
ZlK9426445,Mario Girotti,1941
ZlK9426446,John Hillerman,1931
ZlK9426447,Candace Hilligoss,0
ZlK9426448,Violet Hilton,1908
ZlK9426449,Samuel S. Hinds,1875
ZlK9426450,Pat Hingle,1923
ZlK9426451,Judd Hirsch,1936
ZlK9426452,Sir Alfred Hitchcock,1899
ZlK9426453,Rose Keefer,1906
ZlK9426454,Jack Hobbs,1893
ZlK9426455,Patricia Hodge,1946
ZlK9426456,Samuel David Hyams,1893
ZlK9426457,Basil Hoffman,1941
ZlK9426458,Arthur Hohl,1889
ZlK9426459,Fay Hammerton,1894
ZlK9426460,William Holden,1872
ZlK9426461,Eleanor Gough McKay,1915
ZlK9426462,Earl Holliman,1928
ZlK9426463,Sterling Holloway,1905
ZlK9426464,Ian Holm Cuhbert,1932
ZlK9426465,Taylor Holmes,1872
ZlK9426466,Elizabeth Holt,1920
ZlK9426467,Charles John Holt III,1919
ZlK9426468,Skip Homeier,1929
ZlK9426469,Robert Hooks,1937
ZlK9426470,Vida Hope,1918
ZlK9426471,Bo Hopkins,1942
ZlK9426472,Dennis Hoper,1935
ZlK9426473,Victoria Hopper,1909
ZlK9426474,Christiane H\"orbiger,0
ZlK9426475,Sir Michael Hordern,1911
ZlK9426476,Geoffrey Horne,1926
ZlK9426477,Victoria Horne,1920
ZlK9426478,Mead Howard Horton,1924
ZlK9426479,Bob Hoskins,1942
ZlK9426480,Erich Weiss,1873
ZlK9426481,Arthur Housman,1888
ZlK9426482,Katherina Houston Gribbin,1901
ZlK9426483,Arthur Howard,1910
ZlK9426484,Esther Howard,1893
ZlK9426485,Kathleen Howard,1879
ZlK9426486,Leslie Stainer,1890
ZlK9426487,Ronald Howard,1918
ZlK9426488,Samuel Horowitz,1891
ZlK9426489,Trevor Howard,1916
ZlK9426490,Bobby Howes,1895
ZlK9426491,Arthur Hoyt,1873
ZlK9426492,Kelly Hu,0
ZlK9426493,Season Hubley,0
ZlK9426494,Walter Hudd,1898
ZlK9426495,Rochelle Hudson,1914
ZlK9426496,David Huffman,1945
ZlK9426497,Betty vonGerlean,1929
ZlK9426498,Mary Hughes,1919
ZlK9426499,Claude Hulbert,1900
ZlK9426500,Tom Hulce,0
ZlK9426501,Josephine Sherwood,1884
ZlK9426502,Arthur Hunicutt,1911
ZlK9426503,Marcia Hunt,1917
ZlK9426504,Glenn Hunter,1897
ZlK9426505,Ian Hunter,1900
ZlK9426506,Janet Cole,1922
ZlK9426507,Raymond Huntley,1904
ZlK9426508,Elizabeth Hurley,1965
ZlK9426509,David Hurst,1925
ZlK9426510,Veronica Hurst,1931
ZlK9426511,Mary Beth Supinger,1948
ZlK9426512,Olivia Hussey,1951
ZlK9426513,Anjelica Huston,1951
ZlK9426514,Walter Houghston,1884
ZlK9426515,Will Hutchins,1932
ZlK9426516,Harold Huth,1892
ZlK9426517,Jim Hutton,1934
ZlK9426518,Robert Bruce Winne,1920
ZlK9426519,Leila Hyams,1905
ZlK9426520,Martha Hyer,1929
ZlK9426521,Scott Hylands,0
ZlK9426522,Warren Hymer,1906
ZlK9426523,Ralph Ince,1882
ZlK9426524,Reginald Hitchcock,1892
ZlK9426525,Jill Ireland,1936
ZlK9426526,Jeremy Irons,1948
ZlK9426527,Juzo Itami,1934
ZlK9426528,Rosalind Ivan,1884
ZlK9426529,Anne Jackson,1925
ZlK9426530,Glenda Jackson,1937
ZlK9426531,Kate Jackson,1950
ZlK9426532,Selmer Jackson,1888
ZlK9426533,Ir\`ene Jacob,0
ZlK9426534,Lou Jacobi,1913
ZlK9426535,Hattie Jacques,1924
ZlK9426536,Sam Jaffe,1893
ZlK9426537,Dean Jeffries,1903
ZlK9426538,Clifton James,1921
ZlK9426539,Sidney James,1913
ZlK9426540,Theodor Janenz Janenz,1881
ZlK9426541,Famke Janssen,0
ZlK9426542,Rick Jason,1929
ZlK9426543,Michael James,1936
ZlK9426544,Renee Jeanmaire,1924
ZlK9426545,Ursula McMinn,1906
ZlK9426546,Barbara Jefford,1930
ZlK9426547,Lionel Jeffries,1926
ZlK9426548,Jackie Jenkins,1937
ZlK9426549,Frank Jenks,1902
ZlK9426550,Salome Jens,1935
ZlK9426551,George Jessel,1898
ZlK9426552,Isabel Jewell,1913
ZlK9426553,Reginald Dennis Dwight,1947
ZlK9426554,Glynis Johns,1923
ZlK9426555,Arte Johnson,1934
ZlK9426556,Ben Johnson,1920
ZlK9426557,Harold Ogden Johnson,1891
ZlK9426558,Katie Johnson,1878
ZlK9426559,Lynn-Holly Johnson,0
ZlK9426560,Rafer Johnson,1935
ZlK9426561,Johnson Tor,0
ZlK9426562,Margaret Johnston,1917
ZlK9426563,Asa Yoelson,1886
ZlK9426564,Barry Jones,1893
ZlK9426565,Carolyn Jones,1929
ZlK9426566,Dean Jones,1933
ZlK9426567,Freddie Jones,1927
ZlK9426568,Henry Jones,1912
ZlK9426569,Phyllis Isley,0
ZlK9426570,Jones O-Lan,0
ZlK9426571,Lindley Armstrong Jones,1911
ZlK9426572,Bobbie Jordan,1923
ZlK9426573,Christopher Jorgenson,0
ZlK9426574,Erland Josephson,0
ZlK9426575,Louis Gendre,1919
ZlK9426576,Leatrice Joy,1899
ZlK9426577,Betty Leabo,1918
ZlK9426578,Ashley Judd,1970
ZlK9426579,Raul Julia,1940
ZlK9426580,June Tripp,0
ZlK9426581,Curt J\"urgens,1912
ZlK9426582,John Justin,1917
ZlK9426583,Madeleine Kahn,1942
ZlK9426584,Carol Kane,1952
ZlK9426585,Marvin Kaplin,1924
ZlK9426586,Hanne Karin Beyer,1940
ZlK9426587,Miriam Karlin,1925
ZlK9426588,Roscoe Karns,1893
ZlK9426589,Harold Kasket,1916
ZlK9426590,Isser Kac,1913
ZlK9426591,William Katt,1955
ZlK9426592,David Daniel Kaminsky,1913
ZlK9426593,Elia Kazanjoglous,1909
ZlK9426594,Stacy Keach,1941
ZlK9426595,Joseph Francis Keaton,1895
ZlK9426596,Michael Keaton,1952
ZlK9426597,Lila Kedrova,1918
ZlK9426598,Ethel Keeler,1909
ZlK9426599,Malcolm Keen,1888
ZlK9426600,Andrew Keir,1926
ZlK9426601,Robert~jr. Keith,1921
ZlK9426602,Robert Keith,1896
ZlK9426603,Helen Keller,1881
ZlK9426604,Annette Kellerman,1888
ZlK9426605,DeForest Kelley,1920
ZlK9426606,Emmett Kelly,1895
ZlK9426607,Eugene Curran Kelly,1912
ZlK9426608,Moira Kelly,1969
ZlK9426609,Patsy Kelly,1910
ZlK9426610,Paula Kelly,0
ZlK9426611,Moultrie Kelsall,1901
ZlK9426612,Pert Kelton,1907
ZlK9426613,Edmund Walker,1934
ZlK9426614,Joan Kemp-Welch,1906
ZlK9426615,Henry Kendall,1887
ZlK9426616,Frieda Harrison,1943
ZlK9426617,Keith Douglas,1915
ZlK9426618,George Kennedy,1925
ZlK9426619,James Kenney,1930
ZlK9426620,Joan Field,1921
ZlK9426621,Doris Kenyon,0
ZlK9426622,John Kerr,1931
ZlK9426623,Arnold Kaiser,1889
ZlK9426624,Persis Khambatta,1950
ZlK9426625,Milton Greenwald,0
ZlK9426626,Nicole Kidman,1967
ZlK9426627,Richard Kiel,1939
ZlK9426628,Percy Kilbride,1888
ZlK9426629,Richard Kiley,1922
ZlK9426630,Val Kilmer,1959
ZlK9426631,Anthony Kimmins,1901
ZlK9426632,Georgetta Barry,1915
ZlK9426633,Charles King,1889
ZlK9426634,Perry King,1948
ZlK9426635,Walter Woolf King,1899
ZlK9426636,Krishna Banji,1944
ZlK9426637,Roy Kinnear,1934
ZlK9426638,Claus Gunther Nakszynski,1926
ZlK9426639,Lee Kinsolving,1938
ZlK9426640,Tommy Kirk,1941
ZlK9426641,Oreste Kirkop,0
ZlK9426642,John Kitzmiller,1913
ZlK9426643,Rudolf Klein-Rogge,1888
ZlK9426644,Jack Klugman,1922
ZlK9426645,David Mintz,1927
ZlK9426646,Shirley Knight Hopkins,1937
ZlK9426647,Reginald Knowles,1911
ZlK9426648,Fred Kohler sr.,1889
ZlK9426649,Henry Kolker,1874
ZlK9426650,Ford Sterling,0
ZlK9426651,Harvey Korman,1927
ZlK9426652,Geza Kaiser,1907
ZlK9426653,Nicolai Yoshkin,1907
ZlK9426654,David Kossoff,1919
ZlK9426655,Nancy Kovack,1935
ZlK9426656,Ernie Kovacs,1919
ZlK9426657,Kurt Kreuger,1917
ZlK9426658,Sylvia Kristel,1952
ZlK9426659,Alma Kruger,1868
ZlK9426660,Otto Kruger,1885
ZlK9426661,Youki Kudoh,1971
ZlK9426662,Nancy Kwan,1938
ZlK9426663,Sam Kydd,1917
ZlK9426664,Kay Kyser,1897
ZlK9426665,Frank Lackteen,1894
ZlK9426666,Cheryl Stoppelmoor,1951
ZlK9426667,Patricia Laffan,1919
ZlK9426668,Frank Paul LoVecchio,1913
ZlK9426669,Arthur Silverlake,1905
ZlK9426670,Barbara LaMarr,1896
ZlK9426671,Fernando Lamas,1915
ZlK9426672,Christopher Lambert,0
ZlK9426673,Jack Lambert,1899
ZlK9426674,Lloyd Lamble,1914
ZlK9426675,Dorothy Kaumeyer,1914
ZlK9426676,Elizabeth Sullivan,1902
ZlK9426677,Martin Landau,1933
ZlK9426678,Maria Landi,1937
ZlK9426679,Cullen Landis,1896
ZlK9426680,Michael Orowitz,1937
ZlK9426681,Charles Lane,1899
ZlK9426682,Lola Mulligan,1909
ZlK9426683,gn fn,0
ZlK9426684,Rosemary Mulligan,1913
ZlK9426685,fn Lane,0
ZlK9426686,Matheson Lang,1879
ZlK9426687,Glenn Langan,1917
ZlK9426688,Michael Langdon,0
ZlK9426689,Hope Lange,1931
ZlK9426690,Frank Langella,1940
ZlK9426691,Emilie Charlotte LeBreton,1853
ZlK9426692,Joyce Wassmansdoff,1928
ZlK9426693,Alfredo Cocozza,1921
ZlK9426694,Jane Lapotaire,1941
ZlK9426695,Keith Larsen,1925
ZlK9426696,Louise Lasser,1939
ZlK9426697,Dana Owens,0
ZlK9426698,gn Latzen,0
ZlK9426699,Tom Laughlin,1938
ZlK9426700,Arthur Stanley Jefferson,1890
ZlK9426701,Rosetta Jacobs,1932
ZlK9426702,Harry Lauter,1920
ZlK9426703,John Phillip Law,1937
ZlK9426704,Josephine Lawrence Goddard,1930
ZlK9426705,Delphi Lawrence,1927
ZlK9426706,Alexandra Dagmar Lawrence-Klasen,1898
ZlK9426707,Leigh Lawson,1944
ZlK9426708,Frank Lawton,1904
ZlK9426709,Cloris Leachman,1926
ZlK9426710,Michael Learned,1939
ZlK9426711,Jean-Pierre L\'eaud,1944
ZlK9426712,Francis Lederer,1906
ZlK9426713,Berlinda Lee,1935
ZlK9426714,Bernard Lee,1908
ZlK9426715,Bruce Lee,1940
ZlK9426716,Christopher Lee,1922
ZlK9426717,Davey Lee,1925
ZlK9426718,Dorothy Lee,1911
ZlK9426719,Joie Lee,0
ZlK9426720,Norma Egstrom,1921
ZlK9426721,Richard McClelland,1922
ZlK9426722,Thelma Leeds,1914
ZlK9426723,James Le Gros,1950
ZlK9426724,Ron Leibman,1937
ZlK9426725,Jennifer Morrow,1961
ZlK9426726,Barbara Leigh-Hunt,1935
ZlK9426727,Frederick Leister,1885
ZlK9426728,Virginia Leith,1932
ZlK9426729,Harvey Lembeck,1925
ZlK9426730,Rula Lenska,0
ZlK9426731,Kay Lenz,1953
ZlK9426732,Valerie Leon,0
ZlK9426733,Sheldon Bershad,1907
ZlK9426734,Michael Lerner,0
ZlK9426735,Joan Brodell,1925
ZlK9426736,Mark Lester,1958
ZlK9426737,Oscar Levant,1906
ZlK9426738,Diana Lewis,1915
ZlK9426739,Joseph Lewis,1926
ZlK9426740,Sheldon Lewis,1868
ZlK9426741,John Leyton,1939
ZlK9426742,Albert Lieven,1906
ZlK9426743,Otto Elmo Linkenhelter,1889
ZlK9426744,Eric Linden,1909
ZlK9426745,Jennie Linden,1939
ZlK9426746,Gabriel Leuvielle,1883
ZlK9426747,Audra Lindley,0
ZlK9426748,Margaret Kies,1910
ZlK9426749,Francis Lister,1899
ZlK9426750,John Litel,1895
ZlK9426751,Lucien Littlefield,1895
ZlK9426752,Roger Livesey,1906
ZlK9426753,Margaret Livingston,1900
ZlK9426754,Emily Lloyd,0
ZlK9426755,Norman Lloyd,1914
ZlK9426756,Tony LoBianco,0
ZlK9426757,Calvin Lockhart,1934
ZlK9426758,June Lockhart,1925
ZlK9426759,John Gary Yusolfsky,1937
ZlK9426760,Barbara Loden,0
ZlK9426761,David Lodge,1922
ZlK9426762,Robert Logan,0
ZlK9426763,Marie Lohr,1890
ZlK9426764,Herbert Charles Angelo Kuchacevich ze Schluderpacheru,1917
ZlK9426765,Karina Lombard,1969
ZlK9426766,Julie Peck,1926
ZlK9426767,Richard Long,1927
ZlK9426768,John Longden,1900
ZlK9426769,Michael Lonsdale,1931
ZlK9426770,Trini Lopez,1933
ZlK9426771,Marjorie Lord,1922
ZlK9426772,Sophia Scicoloni,1934
ZlK9426773,Laszlo L\"owenstein,1904
ZlK9426774,Tilly Losch,1901
ZlK9426775,Tina Louise,1934
ZlK9426776,Montagu Love,1877
ZlK9426777,Linda Marchiano,1952
ZlK9426778,Raymond Lovell,1900
ZlK9426779,Arthur Lowe,1914
ZlK9426780,Carey Lowell,1964
ZlK9426781,Morton Lowry,1908
ZlK9426782,Antoinetta dePasquale,1931
ZlK9426783,Wilfred Lucas,1926
ZlK9426784,Laurence Luckinbill,1934
ZlK9426785,Bela Ferenc Blasko,1882
ZlK9426786,Keye Luke,1904
ZlK9426787,Marie Lawrie,1948
ZlK9426788,Dayton Lummis,1903
ZlK9426789,Arthur London,1915
ZlK9426790,Alfred Lund,1892
ZlK9426791,Stanley Lupino,1893
ZlK9426792,Viola Lyel,1900
ZlK9426793,Richard Lynch,1936
ZlK9426794,Robert Lynen,1921
ZlK9426795,Ann Lynn,1934
ZlK9426796,Ragnar Lind,1909
ZlK9426797,Ralph Lynn,1882
ZlK9426798,Vera Lynn,1921
ZlK9426799,Sue Lyon,1946
ZlK9426800,James MacArthur,1937
ZlK9426801,J.Farrell MacDonald,1875
ZlK9426802,Niall MacGinnis,1913
ZlK9426803,Alice MacGraw,1938
ZlK9426804,Helen Mack,1913
ZlK9426805,Barry Mackay,1906
ZlK9426806,Alexander Mackendrick,1912
ZlK9426807,Shirley MacLaine Beaty,1934
ZlK9426808,Douglass MacLean,1890
ZlK9426809,Malone Jena,1984
ZlK9426810,Horace MacMahon,1907
ZlK9426811,Patrick MacNee,1922
ZlK9426812,Norman Macowan,1877
ZlK9426813,Elle MacPherson,1966
ZlK9426814,Duncan Macrae,1905
ZlK9426815,George MaCready,1909
ZlK9426816,William H. Macy Macy,0
ZlK9426817,Victor Maddern,1926
ZlK9426818,Nathaniel Moscovitch,1898
ZlK9426819,Patrick Magee,1924
ZlK9426820,George Maharis,1928
ZlK9426821,Mary Tomlinson,1890
ZlK9426822,Lee Majors,1940
ZlK9426823,Ray Wyse,1906
ZlK9426824,John Malkovich,0
ZlK9426825,Patricia Mallory,1913
ZlK9426826,Dorothy Maloney,1925
ZlK9426827,Nick Mancuso,1956
ZlK9426828,Silvana Mangano,1937
ZlK9426829,Rauff deRyther Duan Acklom,1901
ZlK9426830,Ettori Manni,1927
ZlK9426831,Vera Jane Palmer,1932
ZlK9426832,Linda Manz,1961
ZlK9426833,Jean Marais-Villain,1913
ZlK9426834,Sophie Maupu,1966
ZlK9426835,Hal March,1920
ZlK9426836,Corinne Marchand,1928
ZlK9426837,Theodore Marcuse,1920
ZlK9426838,Arthur Margetson,1897
ZlK9426839,Janet Margolin,1943
ZlK9426840,Richard Marin,0
ZlK9426841,Howard Marion-Crawford,1914
ZlK9426842,Jane Marken,1895
ZlK9426843,Monte Markham,1935
ZlK9426844,Hugh Hipple,1911
ZlK9426845,Percy Marmont,1883
ZlK9426846,Norma Simpson,1926
ZlK9426847,Mary Warne Marsh,1895
ZlK9426848,Alan Marshal,1909
ZlK9426849,Brenda Marshall,1915
ZlK9426850,Everett G. Marshall,1910
ZlK9426851,James Marshall,1967
ZlK9426852,Zena Marshall,1926
ZlK9426853,Chris-Pin Martin,1894
ZlK9426854,Dewey Martin,1923
ZlK9426855,Edie Martin,1880
ZlK9426856,Mary Martin,1913
ZlK9426857,Pamela Martin,0
ZlK9426858,Steve Martin,1945
ZlK9426859,Alfred Norris,1912
ZlK9426860,Nino Martini,1904
ZlK9426861,Lee Marvin,1924
ZlK9426862,Julius Schoenberg,1890
ZlK9426863,Milton Schoenberg,1893
ZlK9426864,Marx Brooks,0
ZlK9426865,Virginia Maskell,1936
ZlK9426866,Marsha Mason,1942
ZlK9426867,Lea Massari,1933
ZlK9426868,Anna Massey,1937
ZlK9426869,Edith Massey,0
ZlK9426870,Raymond Massey,1896
ZlK9426871,Chiara Mastroianni,1972
ZlK9426872,Richard Masur,0
ZlK9426873,Murray Matheson,1912
ZlK9426874,Kerwin Mathews,1926
ZlK9426875,A.E. Matthews,1869
ZlK9426876,Lester Matthews,1900
ZlK9426877,William Mauch,1925
ZlK9426878,Gn Fn,0
ZlK9426879,Edwin Maxwell,1886
ZlK9426880,Lois Hooker,1927
ZlK9426881,Elaine May,1932
ZlK9426882,Russ Maxwell,0
ZlK9426883,Bill Maynard,1928
ZlK9426884,Ferdinand Mayer-Boerckel,1916
ZlK9426885,Mikhail Mazurwski,1909
ZlK9426886,Marianne McAndrew,1938
ZlK9426887,May McAvoy,1901
ZlK9426888,Donald McBride,1894
ZlK9426889,David McCallum,1933
ZlK9426890,Neil McCallum,1929
ZlK9426891,Kevin McCarthy,1914
ZlK9426892,Doug McClure,1935
ZlK9426893,Peter Judge,1891
ZlK9426894,Alec McCowen,1925
ZlK9426895,Jody McCrea,0
ZlK9426896,Hattie McDaniel,1895
ZlK9426897,Ruth McDevitt,1895
ZlK9426898,Betty McDowall,0
ZlK9426899,Roddy McDowall,1928
ZlK9426900,Peter McEnery,1940
ZlK9426901,gn differentname,0
ZlK9426902,Vonetta McGee,0
ZlK9426903,Frank~sr McGlynn,1867
ZlK9426904,Elizabeth McGovern,1961
ZlK9426905,Charles McGraw,1914
ZlK9426906,Don McGuire,1919
ZlK9426907,Stephen McHattie,0
ZlK9426908,John McIntire,1907
ZlK9426909,Siobhan McKenna,1923
ZlK9426910,Virginia McKenna,1931
ZlK9426911,Victor McLaglen,1883
ZlK9426912,Catherine McLeod,1924
ZlK9426913,Marshall McLuhan,0
ZlK9426914,Barbara McNair,0
ZlK9426915,Maggie McNamara,1928
ZlK9426916,Howard McNear,1905
ZlK9426917,Kristy McNichol,1963
ZlK9426918,Steve McQueen,1930
ZlK9426919,Michael McShane,1955
ZlK9426920,Jayne Meadows,1920
ZlK9426921,Kay Medford,1914
ZlK9426922,Michael Medwin,1923
ZlK9426923,Ralph Rathgeber,1920
ZlK9426924,John Meillon,1934
ZlK9426925,Marisa Mell,1929
ZlK9426926,Murray Melvin,1932
ZlK9426927,Doro Merande,1898
ZlK9426928,Vivien Merchant,1929
ZlK9426929,Melina Mercouri,1923
ZlK9426930,John Merivale,0
ZlK9426931,Lee Meriwether,1935
ZlK9426932,Ethel Zimmermann,1908
ZlK9426933,Nedenia Hutton Rumbough,1928
ZlK9426934,George Merritt,1890
ZlK9426935,William Pickwood,1912
ZlK9426936,Mayo Methot,1904
ZlK9426937,Emile Meyer,1903
ZlK9426938,Ralph Champion Shotter,1907
ZlK9426939,Dolores Michaels,1930
ZlK9426940,Charles Middleton,1874
ZlK9426941,Ray Middleton,1908
ZlK9426942,Bette Midler,1944
ZlK9426943,Sir Bernard Miles,1907
ZlK9426944,Gerald Perreau,1938
ZlK9426945,Sylvia Miles,1926
ZlK9426946,Tomas Milian,1938
ZlK9426947,Reginald Truscott-Jones,1905
ZlK9426948,David Miller,1909
ZlK9426949,Dick Miller,1928
ZlK9426950,Jason Miller,1939
ZlK9426951,M. Mueller,1913
ZlK9426952,Patsy Ruth Miller,1905
ZlK9426953,Seton I. Miller,1902
ZlK9426954,Spike Milligan,1918
ZlK9426955,Hayley Mills,1946
ZlK9426956,Juliet Mills,1941
ZlK9426957,Billy Milton,1905
ZlK9426958,Esther Minciotti,1883
ZlK9426959,Sal Mineo,1939
ZlK9426960,Juliet Reilly,1902
ZlK9426961,Ines Isabella Sanpietro,1905
ZlK9426962,Cameron Mizell,1918
ZlK9426963,Julien Mitchell,1884
ZlK9426964,Thomas Mitchell,1892
ZlK9426965,Yvonne Joseph,1925
ZlK9426966,James Mitchum,1938
ZlK9426967,Tom Mix,1880
ZlK9426968,Grace Moehrle,1960
ZlK9426969,Sharyn Moffett,1936
ZlK9426970,Henry Mollison,0
ZlK9426971,Norma Jean Baker (Mortenson),1926
ZlK9426972,Ricardo Montalban,1920
ZlK9426973,Ivo Levi,1921
ZlK9426974,Belinda Montgomery,1950
ZlK9426975,Elizabeth Montgomery,1933
ZlK9426976,Henry Montgomery,1904
ZlK9426977,Kathleen Morrison,1900
ZlK9426978,gn Moore,0
ZlK9426979,Dudley Moore,1935
ZlK9426980,Grace Moore,1901
ZlK9426981,Juanita Moore,1922
ZlK9426982,Kieron O'Hanrahan,1925
ZlK9426983,Matt Moore,1888
ZlK9426984,Robert Moore,1927
ZlK9426985,Helen Koford,1929
ZlK9426986,Victor Moore,1876
ZlK9426987,Lois Moran-Young,1909
ZlK9426988,Kenneth More,1914
ZlK9426989,Mantan Moreland,1901
ZlK9426990,Antonio Moreno,1886
ZlK9426991,Dennis Morgan,1910
ZlK9426992,Harry Bratsburg,1915
ZlK9426993,Simone Roussel,1920
ZlK9426994,Terence Morgan,1921
ZlK9426995,Blanche Fumoleau,1897
ZlK9426996,Robert Morley,1908
ZlK9426997,Greg Morris,1934
ZlK9426998,Lana Morris,1930
ZlK9426999,Mary Morris,1915
ZlK9427000,Barbara Morrison,1908
ZlK9427001,Doretta Marano,1925
ZlK9427002,Jeff Morrow,1913
ZlK9427003,Joshua Morrow,1975
ZlK9427004,Vic Morrow,1932
ZlK9427005,Helen Morse,0
ZlK9427006,Robert Morse,1931
ZlK9427007,Morris Maaskoff,1871
ZlK9427008,Roger E. Mosley,0
ZlK9427009,Zero Mostel,1915
ZlK9427010,Peggy Mount,1916
ZlK9427011,Alan Mowbray,1893
ZlK9427012,Leonard M. Cheetham,1884
ZlK9427013,Elizabeth Mueller,1926
ZlK9427014,Esther Muir,1895
ZlK9427015,Madhuri Mukherjee,1942
ZlK9427016,G.H. Mulcaster,1891
ZlK9427017,Jack Mulhall,1888
ZlK9427018,Jack Mullaney,1932
ZlK9427019,Barbara Mullen,1914
ZlK9427020,Richard Mulligan,1932
ZlK9427021,Herbert Mundin,1898
ZlK9427022,Caroline Munro,1951
ZlK9427023,Partice Munsel,1925
ZlK9427024,Ona Wolcott,1906
ZlK9427025,Audie Murphy,1924
ZlK9427026,Charlie Murphy,0
ZlK9427027,George Murphy,1902
ZlK9427028,Michael Murphy,0
ZlK9427029,Barbara Murray,1929
ZlK9427030,Don Murray,1929
ZlK9427031,Don Court,1903
ZlK9427032,Stephen Murray,1912
ZlK9427033,Tony Musante,1936
ZlK9427034,Burt Mustin,1884
ZlK9427035,Harry Myers,1886
ZlK9427036,George Nader,1921
ZlK9427037,Conrad Nagel,1896
ZlK9427038,Laurence Johnson,1908
ZlK9427039,Alan Napier-Clavering,1903
ZlK9427040,Owen Nares,1888
ZlK9427041,Marilyn Nash,1924
ZlK9427042,Mildred Natwick,1908
ZlK9427043,Ren\'e Navarre,0
ZlK9427044,Amedeo Nazzari,1907
ZlK9427045,Patricia Neal,1926
ZlK9427046,Kay Nebel,1889
ZlK9427047,Liam Neeson,0
ZlK9427048,Appolonia Chalupek,1897
ZlK9427049,Sam Neill,1948
ZlK9427050,Robert Neilson,1920
ZlK9427051,Ed Nelson,1928
ZlK9427052,Lori Nelson,1933
ZlK9427053,Rick Nelson,1940
ZlK9427054,Franco Nero,1942
ZlK9427055,Derren Nesbitt,1932
ZlK9427056,Lois Nettleton,1929
ZlK9427057,Bob Newhart,1923
ZlK9427058,Anthony Newlands,1926
ZlK9427059,Barry Newman,1940
ZlK9427060,Paul Newman,1925
ZlK9427061,Newman Scott,0
ZlK9427062,Robert Newton,1905
ZlK9427063,Marie Ney,1895
ZlK9427064,Barbara Nichols,1929
ZlK9427065,Jack Nicholson,1937
ZlK9427066,Alex Nicol,1919
ZlK9427067,Brigitte Nielsen,0
ZlK9427068,Lisa Niemi,0
ZlK9427069,Jane Nigh,1926
ZlK9427070,Derek Nimmo,1931
ZlK9427071,David Niven,1909
ZlK9427072,Marni Nixon,1929
ZlK9427073,Magali Noel,1932
ZlK9427074,Philipe Noiret,1931
ZlK9427075,Doris Nolan,1916
ZlK9427076,Mary Imogene Robertson,1905
ZlK9427077,Tom Noonan,0
ZlK9427078,Maria Lydia Thornton,1924
ZlK9427079,Chuck Norris,1939
ZlK9427080,Jay North,1952
ZlK9427081,Dawn Bethel,1933
ZlK9427082,Mortimer J. Naughton,1889
ZlK9427083,Jane Novak,1896
ZlK9427084,Ramon Samaniegos,1899
ZlK9427085,Jay Novello,1905
ZlK9427086,Rudolph Nureyev,1938
ZlK9427087,Lewis D. Offield,1903
ZlK9427088,V. Anderson,1895
ZlK9427089,Warren Oates,1928
ZlK9427090,Estelle O'Brien Merle Thompson,1911
ZlK9427091,David Barclay,1912
ZlK9427092,George O'Brien,1900
ZlK9427093,Maria O'Brien,0
ZlK9427094,Virginia O'Brien,1921
ZlK9427095,Taffy O'Connell,0
ZlK9427096,Hugh O'Connor,1922
ZlK9427097,Glynnis O'Connor,1956
ZlK9427098,Tim O'Connor,1927
ZlK9427099,Joseph O'Conor,1910
ZlK9427100,Denis O'Dea,1905
ZlK9427101,Judith O'Dea,0
ZlK9427102,Ann Steely,1923
ZlK9427103,Martha O'Driscoll,1922
ZlK9427104,Ian Ogilvy,1943
ZlK9427105,Lani O'Grady,0
ZlK9427106,Catherine O'Hara,0
ZlK9427107,Dan O'Herlihy,1919
ZlK9427108,Edward `Bud' Flanagan,1908
ZlK9427109,Miles O'Keefe,0
ZlK9427110,Lilian Oldland,1905
ZlK9427111,Michael O'Leary,0
ZlK9427112,Lord Laurence Olivier,1907
ZlK9427113,Moroni Olsen,1889
ZlK9427114,Nancy Olson,1928
ZlK9427115,Pat O'Malley,1901
ZlK9427116,Kate O'Mara,1939
ZlK9427117,Patrick O'Neal,1927
ZlK9427118,Ryan O'Neal,1941
ZlK9427119,Barbara O'Neil,1909
ZlK9427120,James K. O'Neil,0
ZlK9427121,Nance O'Neil,1875
ZlK9427122,Shannon O'Neil,0
ZlK9427123,Dick O'Neill,0
ZlK9427124,Henry O'Neill,1891
ZlK9427125,Jennifer O'Neill,1947
ZlK9427126,Remy O'Neill,0
ZlK9427127,David Opatosky,1918
ZlK9427128,Jerry Orbach,1935
ZlK9427129,Kathleen O'Regan,0
ZlK9427130,Jack O'Rourke,0
ZlK9427131,Bob Einstein,0
ZlK9427132,Henry Wale,1891
ZlK9427133,Michael O'Shea,1906
ZlK9427134,Missy O'Shea,0
ZlK9427135,Cliff Osmond,0
ZlK9427136,Maureen O'Sullivan,1911
ZlK9427137,Ossi Oswalda,0
ZlK9427138,Annette O'Toole,1953
ZlK9427139,Fred Ott,1860
ZlK9427140,Brian Oulton,1908
ZlK9427141,Maria Ouspenskaya,1876
ZlK9427142,Bill Rowbotham,1914
ZlK9427143,Signe Auen,1894
ZlK9427144,David Oxley,1929
ZlK9427145,Alfredo James Pacino,1939
ZlK9427146,Lee Padovani,1920
ZlK9427147,Genevieve Page,1931
ZlK9427148,Anita page,0
ZlK9427149,Debralee Griffin,1933
ZlK9427150,Donna Mae Jaden,1922
ZlK9427151,John Arthur Page,1910
ZlK9427152,Walter Palanuik,1920
ZlK9427153,Eugene Pallette,1889
ZlK9427154,Palmer Lee,1927
ZlK9427155,Maria Palmer,1924
ZlK9427156,Peter Palmer,1931
ZlK9427157,Franklin Pangborn,1894
ZlK9427158,Tatania Papamoskou,1964
ZlK9427159,Jerry Paris,1925
ZlK9427160,Cecil Schwabe,1897
ZlK9427161,Eleanor Parker,1922
ZlK9427162,Jameson Parker,1947
ZlK9427163,Mary-Loise Parker,1960
ZlK9427164,Cecelia Parker,1932
ZlK9427165,Sam Kleusman Lawrence Parks,1914
ZlK9427166,Harry Einstein,1904
ZlK9427167,Emory Parnell,1894
ZlK9427168,Natasha Parry,1930
ZlK9427169,L. Oettinger,0
ZlK9427170,Walter Vinicombe,1888
ZlK9427171,Pat Paterson,1911
ZlK9427172,Lee Patrick,1906
ZlK9427173,Luana Patten,1938
ZlK9427174,Lee Patterson,1929
ZlK9427175,Pat Patterson,1910
ZlK9427176,Luciano Pavarotti,1935
ZlK9427177,Lennox Pawle,1872
ZlK9427178,John Payne,1912
ZlK9427179,Barbara Payton,1934
ZlK9427180,Alice Pearch,1913
ZlK9427181,Lloyd Pearson,1897
ZlK9427182,Peggy Montgomery,1917
ZlK9427183,Austin Pendleton,1940
ZlK9427184,Susan Penhaligon,1950
ZlK9427185,George Peppard,1929
ZlK9427186,Fran{\c}cois Pilu,1919
ZlK9427187,Millie Perkins,1939
ZlK9427188,Ghislaine Perreau-Saussine,1941
ZlK9427189,Leslie Perrins,1902
ZlK9427190,Jon Pertwee,1919
ZlK9427191,Bernadette Peters,1948
ZlK9427192,House Peters,1880
ZlK9427193,Susanne Carnahan,1921
ZlK9427194,Dorothy Peterson,1900
ZlK9427195,Hay Petrie,1895
ZlK9427196,Joanna Pettet,1944
ZlK9427197,Michelle Pfeiffer,1959
ZlK9427198,G\'erard Philipe,1922
ZlK9427199,Lee Philips,1927
ZlK9427200,Robin Philips,1941
ZlK9427201,Leslie Phillips,1924
ZlK9427202,Sian Phillips,1934
ZlK9427203,Nicholas Phipps,1913
ZlK9427204,Michel Piccoli,1925
ZlK9427205,Paul Picerni,1922
ZlK9427206,Louis Bert~Jr. Lindley,1919
ZlK9427207,Lottie Smith,1895
ZlK9427208,Wilfred Pickles,1904
ZlK9427209,Molly Picon,1898
ZlK9427210,Francis Pierlot,1976
ZlK9427211,Nova Pilbeam,1919
ZlK9427212,Fortunato Pinza,1893
ZlK9427213,Frederick Piper,1902
ZlK9427214,Wensley Pithey,1914
ZlK9427215,Ingrid Petrov,1944
ZlK9427216,Edward Platt,1916
ZlK9427217,Marc Platt,1913
ZlK9427218,Suzanne Pleshette,1937
ZlK9427219,Christopher Plummer,1927
ZlK9427220,Rossana Podesta,1934
ZlK9427221,Sidney Poitier,1924
ZlK9427222,Roman Polanski,1933
ZlK9427223,Michael J. Pollack,1939
ZlK9427224,Sarah Polley,0
ZlK9427225,Lily Pons,1904
ZlK9427226,Nyree Porter,1940
ZlK9427227,Natalie Portman,1981
ZlK9427228,Georges Poujouly,1940
ZlK9427229,Dick Powell,1904
ZlK9427230,Suzanne Burce,1929
ZlK9427231,Robert Powell,1946
ZlK9427232,William Powell,1892
ZlK9427233,Tyrone Power,1913
ZlK9427234,Mary Ellen Powers,1931
ZlK9427235,Tom Powers,1890
ZlK9427236,June Preisser,1921
ZlK9427237,Otto Preminger,1906
ZlK9427238,Micheline Chassagne,1922
ZlK9427239,Priscilla Presley,1950
ZlK9427240,Kelly Preston,1963
ZlK9427241,Marie Bickford Dunn,1893
ZlK9427242,Lillian Maude,1880
ZlK9427243,Martin Priest,0
ZlK9427244,fc bnc,1958
ZlK9427245,Victoria Principal,1945
ZlK9427246,Aileen Bisbee,1895
ZlK9427247,Dorothy Provine,1937
ZlK9427248,Cameron Prud'homme,0
ZlK9427249,Nicholas Pryor,0
ZlK9427250,Frank Puglia,1892
ZlK9427251,Dick Purcell,1908
ZlK9427252,R. Grasdorf,1896
ZlK9427253,Linda Purl,1955
ZlK9427254,Denver Pyle,1920
ZlK9427255,Randy Quaid,1953
ZlK9427256,Anna Quayle,1937
ZlK9427257,Diana Quick,1946
ZlK9427258,Dennis Quilley,1933
ZlK9427259,Kathleen Quinlan,1954
ZlK9427260,Kurt Raab,0
ZlK9427261,fn bn,0
ZlK9427262,John Goffage,1909
ZlK9427263,Deborah Raffin,1953
ZlK9427264,Rags Ragland,1905
ZlK9427265,Jules Muraire,1883
ZlK9427266,Luise Rainer,1909
ZlK9427267,Ella Raubes,1921
ZlK9427268,Rohn Raitt,1921
ZlK9427269,Giovanna Ralli,1935
ZlK9427270,Esther Ralston,1902
ZlK9427271,Vera Hruba Ralston,1921
ZlK9427272,Charlotte Rampling,1945
ZlK9427273,Leonard Rosenberg,1920
ZlK9427274,Arthur McEvoy,1901
ZlK9427275,Elsie Randolph,1904
ZlK9427276,John Randolph,1917
ZlK9427277,Prunella Ransome,1943
ZlK9427278,Michael Rappaport,0
ZlK9427279,Thalmus Rasulala,1939
ZlK9427280,Basil Rathbone,1892
ZlK9427281,Herbert Rawlinson,1885
ZlK9427282,Andrew Ray,1939
ZlK9427283,Johnnie Ray,1927
ZlK9427284,Charles Olden,1906
ZlK9427285,Maggie O\'Reed,1916
ZlK9427286,Gary Raymond,1935
ZlK9427287,Paula Ramona Wright,1923
ZlK9427288,Ronald Reagan,1911
ZlK9427289,Helen Reddy,0
ZlK9427290,Corin Redgrave,1939
ZlK9427291,Lynn Redgrave,1943
ZlK9427292,Vanessa Redgrave,1937
ZlK9427293,Liam Redmond,1913
ZlK9427294,Edward Bergman,1908
ZlK9427295,George Reed,1867
ZlK9427296,Oliver Reed,1938
ZlK9427297,Herbert Streicher,1947
ZlK9427298,Tom Reese,1930
ZlK9427299,Christopher Reeve,1952
ZlK9427300,Kynaston Reeves,1893
ZlK9427301,Serge Reggiani,1922
ZlK9427302,Beryl Reid,1918
ZlK9427303,Elliott Reid,1920
ZlK9427304,Wallace Reid,1890
ZlK9427305,Ann Reinking,1949
ZlK9427306,Lee Remick,1935
ZlK9427307,Simone Renat,0
ZlK9427308,Michael Rennie,1909
ZlK9427309,Eva Renzi,1944
ZlK9427310,Anne Revere,1903
ZlK9427311,Clive Revill,1930
ZlK9427312,Fernando Rey,1915
ZlK9427313,Burt Reynolds,1936
ZlK9427314,Gene Reynolds,1925
ZlK9427315,Marjorie Goodspeed,1921
ZlK9427316,Barbara Rhoades,1947
ZlK9427317,Erik Rhodes,1906
ZlK9427318,Madeleine Roche,1934
ZlK9427319,John Rhys-Davies,0
ZlK9427320,Florence Rice,1907
ZlK9427321,Irene Rich,1891
ZlK9427322,Addison Richards,1887
ZlK9427323,Beah Richards,0
ZlK9427324,Paul Richards,1924
ZlK9427325,Natasha Richardson,0
ZlK9427326,Harry Richman,1895
ZlK9427327,Frederick W. Bowditch,1906
ZlK9427328,Hal Riddle,1920
ZlK9427329,Stanley Ridges,1892
ZlK9427330,Edward Rigby,1879
ZlK9427331,Diana Rigg,1938
ZlK9427332,Shane Rimmer,0
ZlK9427333,Michael Ripper,1913
ZlK9427334,E. Evans,1887
ZlK9427335,June Ritchie,1939
ZlK9427336,Jonathan Ritter,1948
ZlK9427337,Thelma Ritter,1905
ZlK9427338,Emmanuele Riva,1932
ZlK9427339,Joan Rivers,0
ZlK9427340,Bert Roach,1891
ZlK9427341,Jason Robards,1893
ZlK9427342,Sam Robards,0
ZlK9427343,Jerome Robbins,1918
ZlK9427344,Lyda Roberti,1910
ZlK9427345,Eric Roberts,1956
ZlK9427346,Pernell Roberts,1930
ZlK9427347,Roy Roberts,1900
ZlK9427348,Tony Roberts,1939
ZlK9427349,Cliff Robertson,1925
ZlK9427350,Willard Robertson,1886
ZlK9427351,George Edward Wade,1869
ZlK9427352,Andy Robinson,0
ZlK9427353,Emmanuel Goldenberg,1893
ZlK9427354,Jay Robinson,1930
ZlK9427355,Madeleine Svoboda,1916
ZlK9427356,Mary Robison,1858
ZlK9427357,Eugene Roche,1928
ZlK9427358,Anton Rodgers,1927
ZlK9427359,Maurice Ro\"eves,0
ZlK9427360,Virginia McMath,1911
ZlK9427361,Lela Rogers,0
ZlK9427362,Mimi Rogers,1955
ZlK9427363,Leonard Slye,1912
ZlK9427364,Will Rogers,1879
ZlK9427365,Ruth Roland,1893
ZlK9427366,Yvonne Warren,1938
ZlK9427367,Ruth Roman,1924
ZlK9427368,Harry Gerguson,1890
ZlK9427369,Cesar Romero,1907
ZlK9427370,Maurice Ronet,1927
ZlK9427371,Joe~Jnr Yule,1920
ZlK9427372,Francoise deNaleche,1891
ZlK9427373,Maxie Rosenbloom,1906
ZlK9427374,Diana Ross,1944
ZlK9427375,Katharine Ross,1942
ZlK9427376,Isabella Rossellini,1955
ZlK9427377,Norman Rossington,1928
ZlK9427378,Lillian Rutstein,1910
ZlK9427379,Richard Roundtree,1937
ZlK9427380,Dan Rowan,1922
ZlK9427381,Patsy Rowlands,1934
ZlK9427382,Alma Smith,1897
ZlK9427383,Paul Rudd,1970
ZlK9427384,Rita Rudner,0
ZlK9427385,Charles Ruggles,1886
ZlK9427386,Barbara Ruick,1933
ZlK9427387,Siegfried Rumann,1884
ZlK9427388,gn bn,0
ZlK9427389,Del Russel,1952
ZlK9427390,Gail Russell,1924
ZlK9427391,Jane Russell,1921
ZlK9427392,Ken Russell,0
ZlK9427393,Helen Louise Leonard,1861
ZlK9427394,Rosalind Russell,1908
ZlK9427395,Ann Rutherford,1917
ZlK9427396,Basil Ruysdael,1888
ZlK9427397,John P. Ryan,1938
ZlK9427398,Mitchell Ryan,1928
ZlK9427399,Robert Ryan,1909
ZlK9427400,Tim Ryan,1889
ZlK9427401,Horowitz Winona,1971
ZlK9427402,Marianne S\"agebrecht,0
ZlK9427403,Eva Marie Saint,1924
ZlK9427404,Susan Miller,1946
ZlK9427405,Harold Sakata,1920
ZlK9427406,Milton Hines,1926
ZlK9427407,Albert Salmi,1928
ZlK9427408,Tatania Samoilova,1934
ZlK9427409,Paul Sanchez,1944
ZlK9427410,Walter Sande,1906
ZlK9427411,Scott Sanders,1885
ZlK9427412,Adam Sandler,1966
ZlK9427413,Tommy Sands,1937
ZlK9427414,Ralph Sanford,1899
ZlK9427415,Olga San Juan,1927
ZlK9427416,Tom Santschi,1879
ZlK9427417,Susan Abigail Tomaling,1946
ZlK9427418,Michael Sarne,1939
ZlK9427419,Jaqueline Sassard,1940
ZlK9427420,John Savage,1953
ZlK9427421,Aristotles Savalas,1924
ZlK9427422,Joseph Sawyer,1901
ZlK9427423,Greta Scacchi,1960
ZlK9427424,Diana Scarwid,0
ZlK9427425,William Schallert,1922
ZlK9427426,Catherine vonSchell,0
ZlK9427427,Maximilian Schell,1930
ZlK9427428,Rosanna Schiaffino,1939
ZlK9427429,Joseph Schildkraut,1895
ZlK9427430,Joseph Schmidt,1906
ZlK9427431,Maria Schneider,1952
ZlK9427432,Max Schrek,1879
ZlK9427433,John Schuck,1944
ZlK9427434,Reinhold Schunzel,1886
ZlK9427435,Arnold Schwarzenegger,1947
ZlK9427436,Annabelle Sciorra,0
ZlK9427437,Martin Scorcese,0
ZlK9427438,George Campbell Scott,1926
ZlK9427439,Hazel Scott,1920
ZlK9427440,Kathryn Leigh Scott,1947
ZlK9427441,Emma Matzo,1922
ZlK9427442,Martha Scott,1914
ZlK9427443,Pippa Scott,1935
ZlK9427444,Terry Scott,1927
ZlK9427445,none Scraps,1914
ZlK9427446,Steven Seagal,1952
ZlK9427447,Jackie Searle,1920
ZlK9427448,Victor Sjostrom,1879
ZlK9427449,Harry Secombe,1921
ZlK9427450,Vivienne Segal,1897
ZlK9427451,Johnny Sekka,0
ZlK9427452,Elizabeth Sellars,1923
ZlK9427453,Peter Sellers,1925
ZlK9427454,Larry Semon,1889
ZlK9427455,Jacques Sernas,1925
ZlK9427456,Jean Servais,1910
ZlK9427457,Bruce Seton,1909
ZlK9427458,George Sewell,1924
ZlK9427459,Anne Seymour,1909
ZlK9427460,Jane Seymour,1951
ZlK9427461,Kamran Shah,0
ZlK9427462,Tony Shalboub,0
ZlK9427463,Michael Shalhouz,1932
ZlK9427464,William Shatner,1931
ZlK9427465,Reta Shaw,1912
ZlK9427466,Sebastian Shaw,1905
ZlK9427467,Jeanette Elphick,1935
ZlK9427468,Joan Fulton,1929
ZlK9427469,Robert Shaen Dawe,1910
ZlK9427470,Alfred Shoenberg,1868
ZlK9427471,Norma Shearer,1900
ZlK9427472,Ramon Estevez,1940
ZlK9427473,Reginald Sheffield,1901
ZlK9427474,Shelley Barbara,1933
ZlK9427475,Joy Shelton,1922
ZlK9427476,Samuel Shepard Rogers,1943
ZlK9427477,Elizabeth Shepherd,0
ZlK9427478,Shepperd Strudwick,1907
ZlK9427479,Dinah Sheridan,1920
ZlK9427480,Madeleine Thronton,1926
ZlK9427481,Arthur Shields,1895
ZlK9427482,James Shigeta,1933
ZlK9427483,Yuki Shimoda,1924
ZlK9427484,Bill Shine,1911
ZlK9427485,Talia Shire,1947
ZlK9427486,Anne Shoemaker,1891
ZlK9427487,Winifred Shotter,1904
ZlK9427488,Elizabeth Shue,1963
ZlK9427489,Sophia Kosow,1910
ZlK9427490,Simone Kaminker,1921
ZlK9427491,Milton Silvs,1882
ZlK9427492,Joan Micklin Silver,1935
ZlK9427493,Frank Silvera,1914
ZlK9427494,Philip Silver,1912
ZlK9427495,Gerald Sim,1925
ZlK9427496,Vasek Simek,1928
ZlK9427497,Francois Simon,1895
ZlK9427498,Simone Simon,1910
ZlK9427499,O.J. Simpson,1947
ZlK9427500,Joan Sims,1930
ZlK9427501,Nancy Sinatra,1940
ZlK9427502,Donald Sinden,1923
ZlK9427503,Mariana McNulty,0
ZlK9427504,Hal Skelly,1891
ZlK9427505,Tom Skerritt,1933
ZlK9427506,Otis Skinner,1858
ZlK9427507,Helgi Skulason,0
ZlK9427508,John Slater,1916
ZlK9427509,Walter Slezak,1902
ZlK9427510,Olive Sloane,1896
ZlK9427511,Art Smith,1899
ZlK9427512,Sir C.~Aubrey Smith,1863
ZlK9427513,Constance Smith,1929
ZlK9427514,Robert Van Orden,1931
ZlK9427515,Lois Smith,1930
ZlK9427516,Paul Smith,0
ZlK9427517,Roger Smith,1932
ZlK9427518,Tom Smothers,1937
ZlK9427519,Carrie Snodgrass,1946
ZlK9427520,fn Sojin,0
ZlK9427521,Ewen Solon,1923
ZlK9427522,Elke Schletz,1940
ZlK9427523,Edith Sondergaard,1899
ZlK9427524,Alberto Sordi,1919
ZlK9427525,Louise Sorel,1944
ZlK9427526,Harriette Lake,1909
ZlK9427527,David Solberg,1943
ZlK9427528,Arthur Space,1908
ZlK9427529,Edward Sparkman,1883
ZlK9427530,Carlo Pedersoli,1929
ZlK9427531,Victoria Beckham,0
ZlK9427532,Victor Spinetti,1932
ZlK9427533,Robert Modini,1919
ZlK9427534,Philip Stainton,1908
ZlK9427535,Terence Stamp,1940
ZlK9427536,Lionel Stander,1908
ZlK9427537,John Leon,1934
ZlK9427538,Patricia Reid,1921
ZlK9427539,Ruby Stevens,1907
ZlK9427540,Maureen Stapleton,1925
ZlK9427541,Pauline Starke,1901
ZlK9427542,Anthony Steel,1920
ZlK9427543,Robert Bradbury,1907
ZlK9427544,Mary Steenburgen,1952
ZlK9427545,Annel Stenskaja Sudakevich,1908
ZlK9427546,Karel Stepanek,1899
ZlK9427547,Ann Stephens,1931
ZlK9427548,Robert Stephens,1931
ZlK9427549,James Stephenson,1888
ZlK9427550,Ilse Steppat,1917
ZlK9427551,Jan Sterling Adriance,1923
ZlK9427552,Andrew Stevens,1955
ZlK9427553,Gail Shekles,1918
ZlK9427554,Gloria Wood,1919
ZlK9427555,Stephen Richards,1916
ZlK9427556,Rise Stevens,1913
ZlK9427557,Estelle Eggleston,1936
ZlK9427558,Housely Stevenson,1879
ZlK9427559,Anna May Stewart,1895
ZlK9427560,Elsy Steinberg,1929
ZlK9427561,Paul Stewart,1908
ZlK9427562,Sophie Stewart,1909
ZlK9427563,David Ogden Stiers,0
ZlK9427564,James Johnson,1930
ZlK9427565,Betta Streidler,1930
ZlK9427566,Howard St John,1905
ZlK9427567,Nigel Stock,1919
ZlK9427568,Dean Stockwell,1938
ZlK9427569,Eric Stoltz,1962
ZlK9427570,Harold Stone,1911
ZlK9427571,Marianne Stone,1920
ZlK9427572,Sharon Stone,0
ZlK9427573,Larry Storch,1923
ZlK9427574,Ludwig Stossel,1883
ZlK9427575,Beatrice Straight,1916
ZlK9427576,Blanche Oelrichs,1890
ZlK9427577,Susan Strasberg,1938
ZlK9427578,Peter Strauss,1942
ZlK9427579,Mary Louise Streep,1949
ZlK9427580,Ray Stricklyn,1930
ZlK9427581,Elaine Stritch,1926
ZlK9427582,Don Stroud,1937
ZlK9427583,Sally Struthers,1947
ZlK9427584,Gloria Stuart Finch,1909
ZlK9427585,Margaret Brooke,1911
ZlK9427586,Francis L.\ Sullivan,1903
ZlK9427587,* Sul-Te-Wan,0
ZlK9427588,George J.\ Summerville,1892
ZlK9427589,Clinton Sundberg,1919
ZlK9427590,Kiefer Sutherland,1968
ZlK9427591,Grady Sutton,1908
ZlK9427592,Janet Suzman,1939
ZlK9427593,Dominique Swain,0
ZlK9427594,Josephine Swenson,1897
ZlK9427595,Gladys Swarthout,1904
ZlK9427596,Daphne Wayne,1895
ZlK9427597,Inga Swenson,1932
ZlK9427598,Loretta Swit,1937
ZlK9427599,Ken Swofford,0
ZlK9427600,Eric Sykes,1923
ZlK9427601,Louise Sylvain,1883
ZlK9427602,Sidney Tafler,1916
ZlK9427603,Constance Talmadge,1898
ZlK9427604,Norma Talmadge,1893
ZlK9427605,Tetsuro Tamba,1929
ZlK9427606,Zo\"e Tamerlis,1965
ZlK9427607,Jessica Tandy,1909
ZlK9427608,Tony Tanner,1932
ZlK9427609,Quentin Tarantino,0
ZlK9427610,Reba Tassel,0
ZlK9427611,Sharon Tate,1943
ZlK9427612,Sven-Bertil Taube,0
ZlK9427613,Vic Tayback,0
ZlK9427614,Don Taylor,1920
ZlK9427615,Estelle Boylan,1899
ZlK9427616,Laurette Cooney,1884
ZlK9427617,Robert Taylor,1929
ZlK9427618,Leigh Taylor-Young,1944
ZlK9427619,Frederick Levy,1878
ZlK9427620,Verree Teasdale,1904
ZlK9427621,Victoria Tennant,1950
ZlK9427622,Alice Taafe,1899
ZlK9427623,Ellen Terry,1848
ZlK9427624,gn Terry-Thomas,0
ZlK9427625,Desmond Tester,1919
ZlK9427626,Heather Thatcher,1897
ZlK9427627,John Thaw,1942
ZlK9427628,Ernest Thesiger,1879
ZlK9427629,Helene Thimig,1889
ZlK9427630,Muzyad (Amos) Yakhoob (Jacobs),1914
ZlK9427631,Margaret Thomas,1944
ZlK9427632,Terry Thomas Hoar-Stevens,1911
ZlK9427633,Emma Thompson,0
ZlK9427634,Eric Thompson,1929
ZlK9427635,John Payne,1940
ZlK9427636,Sada Thompson,1929
ZlK9427637,Sybil Dame Thorndyke,1882
ZlK9427638,Sigrid Thornton,1959
ZlK9427639,Ingrid Thulin,1929
ZlK9427640,Tiana Thi Thanh Nga,0
ZlK9427641,Cheryl Tiegs,0
ZlK9427642,Lawrence Tierney,1919
ZlK9427643,Nadja Tiller,1929
ZlK9427644,Meg Tilly,1960
ZlK9427645,Charles Tingwell,1917
ZlK9427646,George Tobias,1901
ZlK9427647,Dan Tobin,1909
ZlK9427648,Ann Todd,1909
ZlK9427649,Richard Todd,1919
ZlK9427650,Ugo Tognazzi,1922
ZlK9427651,Marisa Tomei,0
ZlK9427652,Lily Tomlin,1939
ZlK9427653,Stanislas Pascal Franchot Tone,1905
ZlK9427654,Chaim Topol,1935
ZlK9427655,Mel Torm\'e,1923
ZlK9427656,David Torrence,1864
ZlK9427657,Paula Marie Osterman,1908
ZlK9427658,Audrey Totter,1918
ZlK9427659,Harry Rosenberg,1903
ZlK9427660,Spencer Tracy,1900
ZlK9427661,Helen Traubel,1899
ZlK9427662,Travers Heagerty,1874
ZlK9427663,Nancy Travis,0
ZlK9427664,John Travolta,1954
ZlK9427665,David Tree,1915
ZlK9427666,Luis Trenker,1893
ZlK9427667,Claire Wemlinger,1909
ZlK9427668,none Tigger,1932
ZlK9427669,Jean-Louis Trintignant,1930
ZlK9427670,Massimo Troisi,1953
ZlK9427671,Cecil Trouncer,1898
ZlK9427672,Michael Trubshawe,0
ZlK9427673,Francois Truffaut,1932
ZlK9427674,Natalie Trundy,0
ZlK9427675,Irene Tsu,1943
ZlK9427676,Forrest Tucker,1919
ZlK9427677,Bowen Charleston Tufts,1911
ZlK9427678,Ann Turkel,0
ZlK9427679,Florence Turner,1887
ZlK9427680,John Turner,1932
ZlK9427681,Ben Turpin,1874
ZlK9427682,Dorothy Tutin,1930
ZlK9427683,Tracy Tweed,0
ZlK9427684,Lesley Hornby,1946
ZlK9427685,Beverly Tyler,1924
ZlK9427686,Susan Tyrrell,1946
ZlK9427687,Margaret Tyzack,1933
ZlK9427688,Leslie Uggams,1943
ZlK9427689,Tracey Ullmann,1959
ZlK9427690,Miyoshi Umeki,1929
ZlK9427691,Mary Ure,1933
ZlK9427692,Robert Urquhart,1922
ZlK9427693,Brenda Vaccaro,1939
ZlK9427694,Rodolpho d'Antonguolla,1895
ZlK9427695,Hubert Vallee,1901
ZlK9427696,Virginia McSweeny,1898
ZlK9427697,Robert Stein,1930
ZlK9427698,Vivian Vance,1911
ZlK9427699,Jos\'e vanDam,0
ZlK9427700,Joan Lucille Olander,1933
ZlK9427701,Charles Vanel,1892
ZlK9427702,John Van Eyssen,1925
ZlK9427703,Nina Van Pallandt,1932
ZlK9427704,James Van Patten,0
ZlK9427705,Luis Van Rooten,1906
ZlK9427706,Philip Van Zandt,1904
ZlK9427707,Evelyn Varden,1895
ZlK9427708,Leonor Varela,1985
ZlK9427709,Reg Varney,1922
ZlK9427710,Frank Abelson,1928
ZlK9427711,Robert Vaughn,1932
ZlK9427712,Guadeloupe Velez de Villalobos,1908
ZlK9427713,Amy Veness,1876
ZlK9427714,Angelino Borrini,1919
ZlK9427715,Gwen Verdon,1925
ZlK9427716,Ben Vereen,1946
ZlK9427717,Jerry Verno,1895
ZlK9427718,John Vernon,1935
ZlK9427719,Militza de Poliakoff-Baidarov,1930
ZlK9427720,M. MacVicar,1925
ZlK9427721,Henry Victor,1898
ZlK9427722,Florence Arto,1895
ZlK9427723,Francois Drouineau,1917
ZlK9427724,James Villiers,1933
ZlK9427725,June Vincent,1919
ZlK9427726,Milly Vitale,1928
ZlK9427727,Marina de Poliakoff-Baidarov,1938
ZlK9427728,Jon Voight,1938
ZlK9427729,Thomas von Br\"omssen,0
ZlK9427730,Hans Erich Maria Stroheim Von Nordenwall,1885
ZlK9427731,Gustav von Wangenheim,0
ZlK9427732,Frank Vosper,1899
ZlK9427733,Henry Wadsworth,1902
ZlK9427734,Lindsay Wagner,1949
ZlK9427735,Ken Wahl,1956
ZlK9427736,Ralph Waite,1928
ZlK9427737,Hugh Wakefield,1888
ZlK9427738,Raymond Walburn,1887
ZlK9427739,Norman Walker,1927
ZlK9427740,Ann Swoyer Barto,1921
ZlK9427741,Robert Walker,1914
ZlK9427742,Syd Walker,1887
ZlK9427743,Max Wall,0
ZlK9427744,Jean Wallasek,1923
ZlK9427745,Shani Wallis,1938
ZlK9427746,Sir Hugh Walpole,1884
ZlK9427747,J.T Walsh,1944
ZlK9427748,Ray Walston,1917
ZlK9427749,Thorley Walters,1913
ZlK9427750,Sam Wanamaker,1919
ZlK9427751,Fannie Ward,1865
ZlK9427752,Pyno Poluski,1908
ZlK9427753,Simon Ward,1920
ZlK9427754,Andy Warhol,1926
ZlK9427755,Henry Byron Warner-Lickford,1876
ZlK9427756,C. Denier Warren,1889
ZlK9427757,Lesley Ann Warren,1946
ZlK9427758,Ruth Warrick,1915
ZlK9427759,Robert Taylor Bien,1878
ZlK9427760,Bryant Washburn,1988
ZlK9427761,Craig Wasson,1954
ZlK9427762,Ethel Waters,1896
ZlK9427763,Sam Waterston,1940
ZlK9427764,Jack Watling,1923
ZlK9427765,Emily Watson,1967
ZlK9427766,Lucile Watson,1879
ZlK9427767,Robert Watson,1888
ZlK9427768,Richard Wattis,1912
ZlK9427769,Ethan Wayne,0
ZlK9427770,Michael Wayne,0
ZlK9427771,Patrick Wayne,1939
ZlK9427772,Winstead Sheffield Weaver,1911
ZlK9427773,Marjorie Weaver,1913
ZlK9427774,Alan Webb,1906
ZlK9427775,Jack Webb,1920
ZlK9427776,Robert Webber,1928
ZlK9427777,Paul Wegener,1874
ZlK9427778,Peter John Weissmuller,1904
ZlK9427779,fn Welch,0
ZlK9427780,Susan Ker Weld,1943
ZlK9427781,Jacqueline Brown,1914
ZlK9427782,Johann Wenngraft,1897
ZlK9427783,Dick Wessel,1910
ZlK9427784,Dick Wesson,1922
ZlK9427785,Mae West,1892
ZlK9427786,John Westbrook,0
ZlK9427787,Myrthas Helen Hickman,1929
ZlK9427788,Henrietta Conroy,1879
ZlK9427789,David Weston,1938
ZlK9427790,Joseph Kenneth Shovlin,1899
ZlK9427791,Arleen Whelan,1916
ZlK9427792,Manning Whiley,1915
ZlK9427793,Alice White,1907
ZlK9427794,David White,1916
ZlK9427795,Pearl White,1889
ZlK9427796,Valerie White,1916
ZlK9427797,Jon Whiteley,1945
ZlK9427798,Lynn Whitfield,1954
ZlK9427799,Ernest Whitman,0
ZlK9427800,Stuart Whitman,1926
ZlK9427801,Peter King Engle,1916
ZlK9427802,Dame May Whitty,1865
ZlK9427803,Mary Wickenhauser,1916
ZlK9427804,Dorothea Wieck,1908
ZlK9427805,Frank Wilcox,1907
ZlK9427806,Jack Wild,1952
ZlK9427807,Jerry Silberman,1934
ZlK9427808,Robert Wilke,1911
ZlK9427809,Adam Williams,1929
ZlK9427810,Billy-Dee Williams,0
ZlK9427811,Bernice Kamiat,1925
ZlK9427812,Emlyn Williams,1905
ZlK9427813,Grant Williams,1930
ZlK9427814,Guy Williams,1924
ZlK9427815,Brian Williams,1904
ZlK9427816,John Williams,1903
ZlK9427817,Kenneth Williams,1926
ZlK9427818,Rhys Williams,1892
ZlK9427819,Robin Williams,1951
ZlK9427820,Richard Williams,1952
ZlK9427821,Vanessa Williams,1963
ZlK9427822,Nicol Williamson,1939
ZlK9427823,Dave Willock,1909
ZlK9427824,Brember Wills,1883
ZlK9427825,Douglas Wilmer,1920
ZlK9427826,Clerow Wilson,1933
ZlK9427827,Katherine Elizabeth White,1916
ZlK9427828,Trey Wilsom,0
ZlK9427829,William Windom,1923
ZlK9427830,Olga Cronk,1898
ZlK9427831,Paul Winfield,1941
ZlK9427832,Henry Winkler,1946
ZlK9427833,Karl Winninger,1884
ZlK9427834,Vincent Winter,1947
ZlK9427835,Roland Winters,1904
ZlK9427836,Estelle Goodwin,1882
ZlK9427837,Joseph Wiseman,1919
ZlK9427838,Grant Withers,1904
ZlK9427839,Cora Witherspoon,1890
ZlK9427840,Ian Wolfe,1896
ZlK9427841,Louis Wolheim,1880
ZlK9427842,Liu Tsong Wong,1907
ZlK9427843,Edward D. jr. Wood,1924
ZlK9427844,John Wood,1937
ZlK9427845,Natasha Gurdin,1938
ZlK9427846,Alfre Woodard,0
ZlK9427847,Joan Woodbury,1915
ZlK9427848,Ralph L. Zink,1904
ZlK9427849,Joanne Woodward,1930
ZlK9427850,Edgar Montillion Woolley,1888
ZlK9427851,Frederick Worlock,1886
ZlK9427852,Irene Worth,1916
ZlK9427853,John Malloy,1890
ZlK9427854,Teresa Wright,1918
ZlK9427855,Will Wright,1894
ZlK9427856,Maris Wrixon,1917
ZlK9427857,Margaret Wycherly,1881
ZlK9427858,Sarah Jane Faulks,1914
ZlK9427859,Stephen Wyman,1963
ZlK9427860,Patrice Wymore,1926
ZlK9427861,Keenan Wynn,1916
ZlK9427862,Dagmar Wynter,1930
ZlK9427863,Jean Gouille,1933
ZlK9427864,Jeffrey York,0
ZlK9427865,Susannah York,1941
ZlK9427866,Arthur Young,1898
ZlK9427867,Carleton Young,1906
ZlK9427868,Byron Barr,1913
ZlK9427869,Otis Young,1932
ZlK9427870,Roland Young,1887
ZlK9427871,Tony Young,1932
ZlK9427872,Victor Sen Yung,1915
ZlK9427873,Pia Zadora,1956
ZlK9427874,Delphine Zentout,1973
ZlK9427875,Mai Zetterling,1925
ZlK9427876,Efrem Jr. Zimbalist,1918
ZlK9427877,George Zucco,1886
